company_name,company_name_norm,source,english_name_norm
株式会社エッジ・インターナショナル,エッジインターナショナル,TCFD,
株式会社NTTドコモ,NTTドコモ,TCFD,
日本電信電話株式会社,日本電信電話,TCFD,
オフィス上々,オフィス上々,TCFD,
KDDI株式会社,KDDI,TCFD,
コネクシオ株式会社,コネクシオ,TCFD,
株式会社博報堂DYホールディングス,博報堂DY,TCFD,
株式会社クリーク・アンド・リバー社,クリークアンドリバー社,TCFD,
株式会社TBSホールディングス,TBS,TCFD,
株式会社ティーガイア,ティーガイア,TCFD,
株式会社KADOKAWA,KADOKAWA,TCFD,
株式会社ベルシステム24,ベルシステム24,TCFD,
株式会社USEN-NEXT HOLDINGS,USENNEXT,TCFD,
朝日放送グループホールディングス株式会社,朝日放送グループ,TCFD,
コナミホールディングス株式会社,コナミ,TCFD,
りらいあコミュニケーションズ株式会社,りらいあコミュニケーションズ,TCFD,
株式会社ミクシィ,ミクシィ,TCFD,
株式会社テレビ東京ホールディングス,テレビ東京,TCFD,
株式会社日経BP,日経BP,TCFD,
株式会社　日本経済新聞,日本経済新聞,TCFD,
株式会社学研ホールディングス,学研,TCFD,
ネクストレベルジャパン株式会社,ネクストレベルジャパン,TCFD,
株式会社スカパーJSATホールディングス,スカパーJSAT,TCFD,
日本テレビホールディングス株式会社,日本テレビ,TCFD,
株式会社メディアド,メディアド,TCFD,
株式会社了,了,TCFD,
株式会社レッドマルスADベンチャー,レッドマルスADベンチャー,TCFD,
株式会社バンダイナムコホールディングス,バンダイナムコ,TCFD,
朝日新聞社,朝日新聞社,TCFD,
株式会社エヌリンクス,エヌリンクス,TCFD,
J.フロントリテイリング株式会社,Jフロントリテイリング,TCFD,
ソニー株式会社,ソニー,TCFD,
TOTO株式会社,TOTO,TCFD,
株式会社ベネッセホールディングス,ベネッセ,TCFD,
楽天株式会社,楽天,TCFD,
株式会社ヤマダホールディングス,ヤマダ,TCFD,
株式会社ケーズホールディングス,ケーズ,TCFD,
テイ・エス・テック株式会社,テイエステック,TCFD,
株式会社ティーエスオージージャパン,ティーエスオージージャパン,TCFD,
株式会社ワコールホールディングス,ワコール,TCFD,
株式会社マツキヨココカラ&カンパニー,マツキヨココカラ&カンパニー,TCFD,
株式会社三越伊勢丹ホールディングス,三越伊勢丹,TCFD,
スギホールディングス株式会社,スギ,TCFD,
株式会社ケーヨー,ケーヨー,TCFD,
株式会社ニトリホールディングス,ニトリ,TCFD,
株式会社すかいらーくホールディングス,すかいらーく,TCFD,
株式会社アインホールディングス,アイン,TCFD,
株式会社キタムラ・ホールディングス,キタムラ,TCFD,
ミズノ株式会社,ミズノ,TCFD,
株式会社髙島屋,髙島屋,TCFD,
株式会社IDOM,IDOM,TCFD,
株式会社マッシュホールディングス,マッシュ,TCFD,
オイシックス・ラ・大地株式会社,オイシックスラ大地,TCFD,
住江織物株式会社,住江織物,TCFD,
ＶＴホールディングス株式会社,VT,TCFD,
株式会社クリエイトＳＤホールディングス,クリエイトSD,TCFD,
株式会社オンワードホールディングス,オンワード,TCFD,
株式会社ツルハホールディングス,ツルハ,TCFD,
株式会社アダストリア,アダストリア,TCFD,
株式会社AOKIホールディングス,AOKI,TCFD,
HITOWAホールディングス株式会社,HITOWA,TCFD,
燦ホールディングス株式会社,燦,TCFD,
TOYO TIRE株式会社,TOYOTIRE,TCFD,
BEENOS株式会社,BEENOS,TCFD,
株式会社ジンズホールディングス,ジンズ,TCFD,
株式会社アビゲイル,アビゲイル,TCFD,
エルソニック株式会社,エルソニック,TCFD,
株式会社コシダカホールディングス,コシダカ,TCFD,
クオールホールディングス株式会社,クオール,TCFD,
篠原テキスタイル株式会社,篠原テキスタイル,TCFD,
株式会社ヨンドシーホールディングス,ヨンドシー,TCFD,
フランスベッドホールディングス株式会社,フランスベッド,TCFD,
株式会社JVCケンウッド,JVCケンウッド,TCFD,
DCMホールディングス株式会社,DCM,TCFD,
株式会社SUBARU,SUBARU,TCFD,
株式会社スノーピーク,スノーピーク,TCFD,
株式会社TOKYO BASE,TOKYOBASE,TCFD,
株式会社デサント,デサント,TCFD,
株式会社ライドオンエクスプレスホールディングス,ライドオンエクスプレス,TCFD,
株式会社ハニーズホールディングス,ハニーズ,TCFD,
株式会社TSIホールディングス,TSI,TCFD,
ブックオフグループホールディングス株式会社,ブックオフグループ,TCFD,
キリンホールディングス株式会社,キリン,TCFD,
アサヒグループホールディングス株式会社,アサヒグループ,TCFD,
不二製油グループ本社株式会社,不二製油グループ本社,TCFD,
日清食品ホールディングス株式会社,日清食品,TCFD,
サッポロホールディングス株式会社,サッポロ,TCFD,
サントリーホールディングス株式会社,サントリー,TCFD,
Unicharm株式会社,UNICHARM,TCFD,
株式会社セブン＆アイ・ホールディングス,セブン&アイ,TCFD,
明治ホールディングス株式会社,明治,TCFD,
株式会社ファミリーマート,ファミリーマート,TCFD,
株式会社ローソン,ローソン,TCFD,
株式会社ファンケル,ファンケル,TCFD,
株式会社J-オイルミルズ,Jオイルミルズ,TCFD,
株式会社ポーラ・オルビスホールディングス,ポーラオルビス,TCFD,
株式会社ロッテ,ロッテ,TCFD,
株式会社雪国まいたけ,雪国まいたけ,TCFD,
株式会社イートアンドホールディングス,イートアンド,TCFD,
ダイドーグループホールディングス株式会社,ダイドーグループ,TCFD,
コカ・コーラボトラーズジャパンホールディングス株式会社,コカコーラボトラーズジャパン,TCFD,
ホッカンホールディングス株式会社,ホッカン,TCFD,
株式会社パン・パシフィック・インターナショナルホールディングス,パンパシフィックインターナショナル,TCFD,
株式会社バローホールディングス,バロー,TCFD,
フィード・ワン株式会社,フィードワン,TCFD,
株式会社ロック・フィールド,ロックフィールド,TCFD,
株式会社ファイントゥデイ,ファイントゥデイ,TCFD,
株式会社紀文,紀文,TCFD,
株式会社トリドールホールディングス,トリドール,TCFD,
伊藤ハム米久ホールディングス株式会社,伊藤ハム米久,TCFD,
株式会社カインズ,カインズ,TCFD,
宝ホールディングス株式会社,宝,TCFD,
DM三井製糖ホールディングス株式会社,DM三井製糖,TCFD,
株式会社I－ne（アイエヌイー）,INEアイエヌイー,TCFD,
西本Wismettacホールディングス株式会社,西本WISMETTAC,TCFD,
株式会社チャレナジー,チャレナジー,TCFD,
ENEOSホールディングス株式会社,ENEOS,TCFD,
東邦ガス株式会社,東邦ガス,TCFD,
PJPEye株式会社,PJPEYE,TCFD,
コスモエネルギーホールディングス株式会社,コスモエネルギー,TCFD,
株式会社JERA,JERA,TCFD,
アスエネ株式会社,アスエネ,TCFD,
西部ガスホールディングス株式会社,西部ガス,TCFD,
Abalance株式会社,ABALANCE,TCFD,
HINODE ENERGY株式会社,HINODEENERGY,TCFD,
株式会社エコスタイル,エコスタイル,TCFD,
株式会社Sustechエンジニアリングサービス,SUSTECHエンジニアリングサービス,TCFD,
シナネンホールディングス株式会社,シナネン,TCFD,
株式会社グリムズ,グリムズ,TCFD,
株式会社ミツウロコグループホールディングス,ミツウロコグループ,TCFD,
株式会社 TOKAIホールディングス,TOKAI,TCFD,
富士興産株式会社,富士興産,TCFD,
GPSSグループ,GPSSグループ,TCFD,
サワイグループホールディングス株式会社,サワイグループ,TCFD,
H.U.グループホールディングス株式会社,HUグループ,TCFD,
ＨＯＹＡ株式会社,HOYA,TCFD,
大塚ホールディングス株式会社,大塚,TCFD,
大日本住友製薬株式会社,大日本住友製薬,TCFD,
株式会社日本エム・ディ・エム,日本エムディエム,TCFD,
ウイン・パートナーズ株式会社,ウインパートナーズ,TCFD,
株式会社DRIPS,DRIPS,TCFD,
ヤマシタヘルスケアホールディングス株式会社,ヤマシタヘルスケア,TCFD,
株式会社ビー・エム・エル,ビーエムエル,TCFD,
メドピア株式会社,メドピア,TCFD,
ファーマライズ株式会社,ファーマライズ,TCFD,
CSRデザイン環境投資顧問株式会社,CSRデザイン環境投資顧問,TCFD,
株式会社イースクエア,イースクエア,TCFD,
株式会社ニューラル,ニューラル,TCFD,
ANAホールディングス株式会社,ANA,TCFD,
株式会社グリッド＆ファイナンス・アドバイザーズ,グリッド&ファイナンスアドバイザーズ,TCFD,
株式会社LIXILグループ,LIXILグループ,TCFD,
AGC株式会社,AGC,TCFD,
アミタホールディングス株式会社,アミタ,TCFD,
株式会社グリーン・パシフィック,グリーンパシフィック,TCFD,
株式会社IHI,IHI,TCFD,
パシフィックコンサルタンツ株式会社,パシフィックコンサルタンツ,TCFD,
パナソニックホールディングス株式会社,パナソニック,TCFD,
PwCサステナビリティ合同会社,PWCサステナビリティ,TCFD,
SGホールディングス株式会社,SG,TCFD,
TDK株式会社,TDK,TCFD,
凸版印刷株式会社,凸版印刷,TCFD,
株式会社東芝,東芝,TCFD,
YKK AP株式会社,YKKAP,TCFD,
YKK株式会社,YKK,TCFD,
株式会社ジーエス・ユアサ コーポレーション,ジーエスユアサコーポレーション,TCFD,
日本ガイシ株式会社,日本ガイシ,TCFD,
株式会社富士通ゼネラル,富士通ゼネラル,TCFD,
日立造船株式会社,日立造船,TCFD,
日新電機株式会社,日新電機,TCFD,
EIZO株式会社,EIZO,TCFD,
IDEC株式会社,IDEC,TCFD,
NTN株式会社,NTN,TCFD,
DMG森精機株式会社,DMG森精機,TCFD,
株式会社日本アクセス,日本アクセス,TCFD,
株式会社安藤・間,安藤間,TCFD,
日揮ホールディングス株式会社,日揮,TCFD,
株式会社KOKUSAI ELECTRIC,KOKUSAIELECTRIC,TCFD,
アステナホールディングス株式会社,アステナ,TCFD,
大建工業株式会社,大建工業,TCFD,
レシップホールディングス株式会社,レシップ,TCFD,
株式会社ミライト・ホールディングス,ミライト,TCFD,
日本道路株式会社,日本道路,TCFD,
株式会社afterFIT,AFTERFIT,TCFD,
コムシスホールディングス株式会社,コムシス,TCFD,
富士紡ホールディングス株式会社,富士紡,TCFD,
コマニー株式会社,コマニー,TCFD,
株式会社九電工,九電工,TCFD,
三和ホールディングス株式会社,三和,TCFD,
株式会社大気社,大気社,TCFD,
TOA株式会社,TOA,TCFD,
飛島建設株式会社,飛島建設,TCFD,
株式会社横河ブリッジ,横河ブリッジ,TCFD,
NISSHA株式会社,NISSHA,TCFD,
株式会社キトー,キトー,TCFD,
JAPAN BIOMASS POWER株式会社,JAPANBIOMASSPOWER,TCFD,
日本ピラー工業株式会社,日本ピラー工業,TCFD,
ダイワボウホールディングス株式会社,ダイワボウ,TCFD,
E・Jホールディングス株式会社,EJ,TCFD,
NOK株式会社,NOK,TCFD,
TOWA株式会社,TOWA,TCFD,
ツネイシホールディングス株式会社,ツネイシ,TCFD,
株式会社ユーシン精機,ユーシン精機,TCFD,
あいホールディングス株式会社,あい,TCFD,
株式会社　高栄研磨,高栄研磨,TCFD,
OCHIホールディングス株式会社,OCHI,TCFD,
東伸化工株式会社,東伸化工,TCFD,
TRP株式会社,TRP,TCFD,
CKD株式会社,CKD,TCFD,
株式会社フジ・コーポレーション,フジコーポレーション,TCFD,
インフロニア・ホールディングス株式会社,インフロニア,TCFD,
JKホールディングス株式会社,JK,TCFD,
三菱食品株式会社,三菱食品,TCFD,
株式会社PALTAC,PALTAC,TCFD,
セガサミーホールディングス株式会社,セガサミー,TCFD,
SMC株式会社,SMC,TCFD,
ゼネラルヒートポンプ工業株式会社,ゼネラルヒートポンプ工業,TCFD,
JUKI株式会社,JUKI,TCFD,
ショーボンドホールディングス株式会社,ショーボンド,TCFD,
日精エー・エス・ビー機械株式会社,日精エーエスビー機械,TCFD,
テスホールディングス株式会社,テス,TCFD,
株式会社 Lib Work,LIBWORK,TCFD,
株式会社 ミツトヨ,ミツトヨ,TCFD,
ニチレキ株式会社,ニチレキ,TCFD,
株式会社メディパルホールディングス,メディパル,TCFD,
株式会社ジャムコ,ジャムコ,TCFD,
フルサト・マルカホールディングス株式会社,フルサトマルカ,TCFD,
株式会社東陽,東陽,TCFD,
株式会社イワキ,イワキ,TCFD,
人・夢・技術グループ株式会社,人夢技術グループ,TCFD,
矢作建設工業株式会,矢作建設工業株式会,TCFD,
株式会社フジタ,フジタ,TCFD,
THK株式会社,THK,TCFD,
一般社団法人 日本電機工業会,一般社団法人日本電機工業会,TCFD,
萩原電気ホールディングス株式会社,萩原電気,TCFD,
株式会社メタルワン,メタルワン,TCFD,
山田電器工業株式会社,山田電器工業,TCFD,
株式会社TVE,TVE,TCFD,
月島ホールディングス株式会社,月島,TCFD,
アルフレッサホールディングス株式会社,アルフレッサ,TCFD,
天馬株式会社,天馬,TCFD,
株式会社GSIクレオス,GSIクレオス,TCFD,
株式会社髙松コンストラクショングループ,髙松コンストラクショングループ,TCFD,
フクシマガリレイ株式会社,フクシマガリレイ,TCFD,
SMK株式会社,SMK,TCFD,
旭化成ホームズ株式会社,旭化成ホームズ,TCFD,
パイオニア株式会社,パイオニア,TCFD,
株式会社上田商会,上田商会,TCFD,
三桜工業株式会社,三桜工業,TCFD,
ID&Eホールディングス株式会社,ID&E,TCFD,
新菱冷熱工業株式会社,新菱冷熱工業,TCFD,
国際航業株式会社,国際航業,TCFD,
富士フイルムホールディングス株式会社,富士フイルム,TCFD,
サステナブル・ラボ株式会社,サステナブルラボ,TCFD,
BIPROGY株式会社,BIPROGY,TCFD,
Zホールディングス株式会社,Z,TCFD,
株式会社エヌ・ティ・ティ・データ,エヌティティデータ,TCFD,
HPCシステムズ株式会社,HPCシステムズ,TCFD,
SCSK株式会社,SCSK,TCFD,
株式会社SUMCO,SUMCO,TCFD,
キオクシアホールディングス株式会社,キオクシア,TCFD,
"CrossR Co., Ltd.",CROSSR,TCFD,
サスティナシード株式会社,サスティナシード,TCFD,
TIS株式会社,TIS,TCFD,
株式会社ZUU,ZUU,TCFD,
ENECHANGE株式会社,ENECHANGE,TCFD,
株式会社IDホールディングス,ID,TCFD,
株式会社ミンカブ・ジ・インフォノイド,ミンカブジインフォノイド,TCFD,
株式会社アイデミー,アイデミー,TCFD,
HOCインテリジェントテクノロジー株式会社,HOCインテリジェントテクノロジー,TCFD,
株式会社SCREENホールディングス,SCREEN,TCFD,
株式会社ユーザベース,ユーザベース,TCFD,
株式会社アバント,アバント,TCFD,
株式会社EMシステムズ,EMシステムズ,TCFD,
NECネッツエスアイ株式会社,NECネッツエスアイ,TCFD,
株式会社ゴーレム,ゴーレム,TCFD,
株式会社WOW WORLD,WOWWORLD,TCFD,
アークエルテクノロジーズ株式会社,アークエルテクノロジーズ,TCFD,
ブラックライン株式会社,ブラックライン,TCFD,
伊藤忠テクノソリューションズ株式会社,伊藤忠テクノソリューションズ,TCFD,
日本電産株式会社,日本電産,TCFD,
株式会社リクルートホールディングス,リクルート,TCFD,
株式会社イングリウッド,イングリウッド,TCFD,
新光電気工業株式会社,新光電気工業,TCFD,
株式会社ディー・エヌ・エー,ディーエヌエー,TCFD,
株式会社デジタルハーツホールディングス,デジタルハーツ,TCFD,
JBCCホールディングス株式会社,JBCC,TCFD,
日清紡ホールディングス株式会社,日清紡,TCFD,
RMS Japan株式会社,RMSJAPAN,TCFD,
Sansan株式会社,SANSAN,TCFD,
トランスコスモス株式会社,トランスコスモス,TCFD,
株式会社ゼロボード,ゼロボード,TCFD,
SBテクノロジー株式会社,SBテクノロジー,TCFD,
岩崎通信機株式会社,岩崎通信機,TCFD,
株式会社マクロミル,マクロミル,TCFD,
株式会社エイチーム,エイチーム,TCFD,
株式会社Creative Capitalism Japan,CREATIVECAPITALISMJAPAN,TCFD,
株式会社 DTS,DTS,TCFD,
グリー株式会社,グリー,TCFD,
株式会社電通国際情報サービス,電通国際情報サービス,TCFD,
合同会社Lani,LANI,TCFD,
株式会社日経統合システム,日経統合システム,TCFD,
株式会社TOKIUM,TOKIUM,TCFD,
福井コンピュータホールディングス株式会社,福井コンピュータ,TCFD,
PCIホールディングス株式会社,PCI,TCFD,
株式会社クラウディオ,クラウディオ,TCFD,
GMOペイメントゲートウェイ株式会社,GMOペイメントゲートウェイ,TCFD,
株式会社デジタルホールディングス,デジタル,TCFD,
株式会社LIFRELL,LIFRELL,TCFD,
FIG株式会社,FIG,TCFD,
富士ソフト株式会社,富士ソフト,TCFD,
株式会社電算システムホールディングス,電算システム,TCFD,
BASE株式会社,BASE,TCFD,
株式会社ACCESS,ACCESS,TCFD,
TDCソフト株式会社,TDCソフト,TCFD,
booost technologies株式会社,BOOOSTTECHNOLOGIES,TCFD,
シンプレクス・ホールディングス株式会社,シンプレクス,TCFD,
株式会社メディアシーク,メディアシーク,TCFD,
株式会社クロス・マーケティンググループ,クロスマーケティンググループ,TCFD,
株式会社gumi,GUMI,TCFD,
株式会社インテリジェント ウェイブ,インテリジェントウェイブ,TCFD,
株式会社パスコ,パスコ,TCFD,
株式会社NSD,NSD,TCFD,
株式会社LIFULL,LIFULL,TCFD,
日本GXグループ株式会社,日本GXグループ,TCFD,
株式会社三菱ケミカルホールディングス,三菱ケミカル,TCFD,
帝人グループ,帝人グループ,TCFD,
DIC株式会社,DIC,TCFD,
株式会社エンビプロ・ホールディングス,エンビプロ,TCFD,
JFEホールディングス株式会社,JFE,TCFD,
三菱ガス化学株式会社,三菱ガス化学,TCFD,
昭和電工株式会社,昭和電工,TCFD,
日本酸素ホールディングス株式会社,日本酸素,TCFD,
宇部興産株式会社,宇部興産,TCFD,
JSR株式会社,JSR,TCFD,
東洋インキSCホールディングス株式会社,東洋インキSC,TCFD,
王子ホールディングス株式会社,王子,TCFD,
タキロンシーアイ株式会社,タキロンシーアイ,TCFD,
マナック株式会社,マナック,TCFD,
株式会社プロテリアル,プロテリアル,TCFD,
東洋製罐グループホールディングス株式会社,東洋製罐グループ,TCFD,
エア・ウォーター株式会社,エアウォーター,TCFD,
株式会社UACJ,UACJ,TCFD,
日本ペイントホールディングス株式会社,日本ペイント,TCFD,
山陽特殊製鋼株式会社,山陽特殊製鋼,TCFD,
アサヒホールディングス株式会社,アサヒ,TCFD,
株式会社JSP,JSP,TCFD,
品川リフラクトリーズ株式会社,品川リフラクトリーズ,TCFD,
KHネオケム株式会社,KHネオケム,TCFD,
株式会社ADEKA,ADEKA,TCFD,
DOWAホールディングス株式会社,DOWA,TCFD,
三井金属鉱業株式会社,三井金属鉱業,TCFD,
太陽ホールディングス株式会社,太陽,TCFD,
タツタ電線株式会社,タツタ電線,TCFD,
星光PMC株式会社,星光PMC,TCFD,
昭和電線ホールディングス株式会社,昭和電線,TCFD,
株式会社JCU,JCU,TCFD,
株式会社淀川製鋼所,淀川製鋼所,TCFD,
KPPグループホールディングス株式会社,KPPグループ,TCFD,
株式会社ノリタケカンパニーリミテド,ノリタケカンパニーリミテド,TCFD,
株式会社MORESCO,MORESCO,TCFD,
日本軽金属ホールディングス株式会社,日本軽金属,TCFD,
住石ホールディングス株式会社,住石,TCFD,
四国化成ホールディングス株式会社,四国化成,TCFD,
ウルトラファブリックス・ホールディングス株式会社,ウルトラファブリックス,TCFD,
東急不動産ホールディングス株式会社,東急不動産,TCFD,
イオンモール株式会社,イオンモール,TCFD,
野村不動産ホールディングス株式会社,野村不動産,TCFD,
株式会社オープンハウス,オープンハウス,TCFD,
日本管理センター株式会社,日本管理センター,TCFD,
日本ビルファンドマネジメント株式会社,日本ビルファンドマネジメント,TCFD,
グローバル・アライアンス・リアルティ株式会社,グローバルアライアンスリアルティ,TCFD,
三井物産ロジスティクス・パートナーズ株式会社,三井物産ロジスティクスパートナーズ,TCFD,
GLPジャパン・アドバイザーズ株式会社,GLPジャパンアドバイザーズ,TCFD,
株式会社三井不動産アコモデーションファンドマネジメント,三井不動産アコモデーションファンドマネジメント,TCFD,
プロロジス・リート・マネジメント株式会社,プロロジスリートマネジメント,TCFD,
株式会社レオパレス 21,レオパレス21,TCFD,
株式会社星野リゾート・アセットマネジメント,星野リゾートアセットマネジメント,TCFD,
住商リアルティ・マネジメント株式会社,住商リアルティマネジメント,TCFD,
第一生命リアルティアセットマネジメント株式会社,第一生命リアルティアセットマネジメント,TCFD,
大和リアル・エステート・アセット・マネジメント株式会社,大和リアルエステートアセットマネジメント,TCFD,
三井不動産ロジスティクスリートマネジメント株式会社,三井不動産ロジスティクスリートマネジメント,TCFD,
パーク24株式会社,パーク24,TCFD,
ジャパン・リート・アドバイザーズ株式会社,ジャパンリートアドバイザーズ,TCFD,
三井不動産フロンティアリートマネジメント株式会社,三井不動産フロンティアリートマネジメント,TCFD,
タカラPAG不動産投資顧問株式会社,タカラPAG不動産投資顧問,TCFD,
中央日土地アセットマネジメント株式会社,中央日土地アセットマネジメント,TCFD,
森ビル株式会社,森ビル,TCFD,
NTT都市開発投資顧問株式会社,NTT都市開発投資顧問,TCFD,
株式会社三栄建築設計,三栄建築設計,TCFD,
飯田グループホールディングス株式会社,飯田グループ,TCFD,
株式会社シーアールイー,シーアールイー,TCFD,
株式会社日本エスコン,日本エスコン,TCFD,
株式会社タカラレーベン,タカラレーベン,TCFD,
株式会社福岡リアルティ,福岡リアルティ,TCFD,
株式会社フィル・カンパニー,フィルカンパニー,TCFD,
株式会社天満不動産,天満不動産,TCFD,
株式会社ＡＤワークスグループ,ADワークスグループ,TCFD,
阪急阪神リート投信株式会社,阪急阪神リート投信,TCFD,
ラサールREITアドバイザーズ株式会社,ラサールREITアドバイザーズ,TCFD,
ニッセイリアルティマネジメント株式会社,ニッセイリアルティマネジメント,TCFD,
コンソナント・インベストメント・マネジメント株式会社,コンソナントインベストメントマネジメント,TCFD,
三井物産・イデラパートナーズ株式会社,三井物産イデラパートナーズ,TCFD,
株式会社サンケイビル・アセットマネジメント,サンケイビルアセットマネジメント,TCFD,
星光ビル管理株式会社,星光ビル管理,TCFD,
株式会社ザイマックス不動産投資顧問,ザイマックス不動産投資顧問,TCFD,
清水建設不動産投資顧問株式会社,清水建設不動産投資顧問,TCFD,
サムティアセットマネジメント株式会社,サムティアセットマネジメント,TCFD,
株式会社 フージャース ホールディングス,フージャース,TCFD,
阪急阪神ホールディングス株式会社,阪急阪神,TCFD,
株式会社西武ホールディングス,西武,TCFD,
NSユナイテッド海運株式会社,NSユナイテッド海運,TCFD,
近鉄グループホールディングス株式会社,近鉄グループ,TCFD,
株式会社日立物流,日立物流,TCFD,
三井倉庫ホールディングス株式会社,三井倉庫,TCFD,
株式会社近鉄エクスプレス,近鉄エクスプレス,TCFD,
アジアゲートウェイ株式会社,アジアゲートウェイ,TCFD,
株式会社丸和運輸機関,丸和運輸機関,TCFD,
相鉄ホールディングス株式会社,相鉄,TCFD,
セイノーホールディングス株式会社,セイノー,TCFD,
京阪ホールディングス株式会社,京阪,TCFD,
日本通運株式会社,日本通運,TCFD,
トナミホールディングス株式会社,トナミ,TCFD,
センコーグループホールディングス株式会社,センコーグループ,TCFD,
SBSホールディングス株式会社,SBS,TCFD,
株式会社C＆Fロジホールディングス,C&Fロジ,TCFD,
株式会社日新,日新,TCFD,
株式会社アルプス物流,アルプス物流,TCFD,
株式会社ビーイングホールディングス,ビーイング,TCFD,
ニッコンホールディングス株式会社,ニッコン,TCFD,
東京電力ホールディングス株式会社,東京電力,TCFD,
大阪ガス株式会社,大阪ガス,TCFD,
東京ガス株式会社,東京ガス,TCFD,
中央電力株式会社,中央電力,TCFD,
株式会社三菱UFJフィナンシャル・グループ,三菱UFJフィナンシャルグループ,TCFD,
MS&ADインシュアランスグループホールディングス株式会社,MS&ADインシュアランスグループ,TCFD,
東京海上ホールディングス株式会社,東京海上,TCFD,
SOMPOホールディングス株式会社,SOMPO,TCFD,
株式会社日本政策投資銀行,日本政策投資銀行,TCFD,
野村ホールディングス株式会社,野村,TCFD,
三井トラスト・ホールディングス株式会社,三井トラスト,TCFD,
日興アセットマネジメント株式会社,日興アセットマネジメント,TCFD,
第一生命ホールディングス株式会社,第一生命,TCFD,
株式会社りそなホールディングス,りそな,TCFD,
年金積立金管理運用独立行政法人（GPIF）,年金積立金管理運用独立行政法人GPIF,TCFD,
日本生命保険相互会社,日本生命保険相互会社,TCFD,
明治安田生命保険相互会社,明治安田生命保険相互会社,TCFD,
ニッセイアセットマネジメント株式会社,ニッセイアセットマネジメント,TCFD,
株式会社格付投資情報センター,格付投資情報センター,TCFD,
三井住友トラスト・アセットマネジメント株式会社,三井住友トラストアセットマネジメント,TCFD,
学校法人上智学院,学校法人上智学院,TCFD,
アセットマネジメントOne株式会社,アセットマネジメントONE,TCFD,
住友生命保険相互会社,住友生命保険相互会社,TCFD,
損保ジャパン日本興亜アセットマネジメント株式会社,損保ジャパン日本興亜アセットマネジメント,TCFD,
株式会社T&Dホールディングス,T&D,TCFD,
農林中央金庫,農林中央金庫,TCFD,
東京海上アセットマネジメント株式会社,東京海上アセットマネジメント,TCFD,
株式会社日本政策金融公庫,日本政策金融公庫,TCFD,
株式会社日本貿易保険,日本貿易保険,TCFD,
野村アセットマネジメント株式会社,野村アセットマネジメント,TCFD,
株式会社商工組合中央金庫,商工組合中央金庫,TCFD,
三菱UFJアセットマネジメント株式会社,三菱UFJアセットマネジメント,TCFD,
朝日生命保険相互会社,朝日生命保険相互会社,TCFD,
ジャパンリアルエステイトアセットマネジメント株式会社,ジャパンリアルエステイトアセットマネジメント,TCFD,
富国生命投資顧問株式会社,富国生命投資顧問,TCFD,
信金中央金庫,信金中央金庫,TCFD,
株式会社KJRマネジメント,KJRマネジメント,TCFD,
株式会社国際協力銀行,国際協力銀行,TCFD,
株式会社海外交通・都市開発事業支援機構,海外交通都市開発事業支援機構,TCFD,
日本バリュー・インベスターズ株式会社,日本バリューインベスターズ,TCFD,
オリックス・アセットマネジメント株式会社,オリックスアセットマネジメント,TCFD,
朝日ライフ アセットマネジメント株式会社,朝日ライフアセットマネジメント,TCFD,
株式会社コンコルディア・フィナンシャルグループ,コンコルディアフィナンシャルグループ,TCFD,
株式会社海外需要開拓支援機構,海外需要開拓支援機構,TCFD,
明治安田アセットマネジメント株式会社,明治安田アセットマネジメント,TCFD,
三井住友DSアセットマネジメント株式会社,三井住友DSアセットマネジメント,TCFD,
一般社団法人 環境不動産普及促進機構,一般社団法人環境不動産普及促進機構,TCFD,
SBI新生銀行,SBI新生銀行,TCFD,
スパークス・グループ株式会社,スパークスグループ,TCFD,
大樹生命保険株式会社,大樹生命保険,TCFD,
株式会社海外通信・放送・郵便事業支援機構,海外通信放送郵便事業支援機構,TCFD,
京都大学イノベーションキャピタル株式会社,京都大学イノベーションキャピタル,TCFD,
株式会社地域経済活性化支援機構,地域経済活性化支援機構,TCFD,
一般社団法人グリーンファイナンス推進機構,一般社団法人グリーンファイナンス推進機構,TCFD,
伊藤忠リート・マネジメント株式会社,伊藤忠リートマネジメント,TCFD,
株式会社広島銀行,広島銀行,TCFD,
株式会社静岡銀行,静岡銀行,TCFD,
東京大学協創プラットフォーム開発株式会社,東京大学協創プラットフォーム開発,TCFD,
株式会社日本格付研究所,日本格付研究所,TCFD,
富国生命保険相互会社,富国生命保険相互会社,TCFD,
森ビル・インベストメントマネジメント株式会社,森ビルインベストメントマネジメント,TCFD,
野村不動産投資顧問株式会社,野村不動産投資顧問,TCFD,
積水ハウス・アセットマネジメント株式会社,積水ハウスアセットマネジメント,TCFD,
株式会社T.K.J.,TKJ,TCFD,
ニッセイ・ウェルス生命保険株式会社,ニッセイウェルス生命保険,TCFD,
株式会社ひろぎんホールディングス,ひろぎん,TCFD,
りそなアセットマネジメント株式会社,りそなアセットマネジメント,TCFD,
セゾン投信株式会社,セゾン投信,TCFD,
東北大学ベンチャーパートナーズ株式会社,東北大学ベンチャーパートナーズ,TCFD,
大和アセットマネジメント株式会社,大和アセットマネジメント,TCFD,
株式会社伊予銀行,伊予銀行,TCFD,
株式会社北國銀行,北國銀行,TCFD,
株式会社西日本フィナンシャルホールディングス,西日本フィナンシャル,TCFD,
大阪大学ベンチャーキャピタル株式会社,大阪大学ベンチャーキャピタル,TCFD,
株式会社民間資金等活用事業推進機構,民間資金等活用事業推進機構,TCFD,
国家公務員共済組合連合会,国家公務員共済組合連合会,TCFD,
株式会社中国銀行,中国銀行,TCFD,
株式会社東京リアルティ・インベストメント・マネジメント,東京リアルティインベストメントマネジメント,TCFD,
ジャパンエクセレントアセットマネジメント株式会社,ジャパンエクセレントアセットマネジメント,TCFD,
株式会社十六銀行,十六銀行,TCFD,
ヒューリックリートマネジメント株式会社,ヒューリックリートマネジメント,TCFD,
岩井コスモホールディングス株式会社,岩井コスモ,TCFD,
地方公務員共済組合連合会,地方公務員共済組合連合会,TCFD,
株式会社福岡中央銀行,福岡中央銀行,TCFD,
オールニッポン・アセットマネジメント株式会社,オールニッポンアセットマネジメント,TCFD,
GLIN Impact Capital 有限責任事業組合,GLINIMPACTCAPITAL有限責任事業組合,TCFD,
株式会社愛知銀行,愛知銀行,TCFD,
株式会社西京銀行,西京銀行,TCFD,
ケネディクス不動産投資顧問株式会社,ケネディクス不動産投資顧問,TCFD,
三菱HCキャピタル株式会社,三菱HCキャピタル,TCFD,
株式会社ストラテジックキャピタル,ストラテジックキャピタル,TCFD,
株式会社京都銀行,京都銀行,TCFD,
東海東京フィナンシャル・ホールディングス株式会社,東海東京フィナンシャル,TCFD,
ジャパン・ホテル・リート・アドバイザーズ株式会社,ジャパンホテルリートアドバイザーズ,TCFD,
MCPジャパン・ホールディングス株式会社,MCPジャパン,TCFD,
株式会社池田泉州ホールディングス,池田泉州,TCFD,
株式会社神奈川銀行,神奈川銀行,TCFD,
イオン・リートマネジメント株式会社,イオンリートマネジメント,TCFD,
平和不動産アセットマネジメント株式会社,平和不動産アセットマネジメント,TCFD,
三菱地所投資顧問株式会社,三菱地所投資顧問,TCFD,
株式会社筑邦銀行,筑邦銀行,TCFD,
東急不動産キャピタル・マネジメント株式会社,東急不動産キャピタルマネジメント,TCFD,
CREリートアドバイザーズ株式会社,CREリートアドバイザーズ,TCFD,
大和ハウス・アセットマネジメント株式会社,大和ハウスアセットマネジメント,TCFD,
丸紅アセットマネジメント株式会社,丸紅アセットマネジメント,TCFD,
NTSホールディングス株式会社,NTS,TCFD,
東急不動産リート・マネジメント株式会社,東急不動産リートマネジメント,TCFD,
トーセイ・アセット・アドバイザーズ株式会社,トーセイアセットアドバイザーズ,TCFD,
三井不動産投資顧問株式会社,三井不動産投資顧問,TCFD,
SBI岡三アセットマネジメント株式会社,SBI岡三アセットマネジメント,TCFD,
ダイヤモンド・リアルティ・マネジメント株式会社,ダイヤモンドリアルティマネジメント,TCFD,
フィデアホールディングス株式会社,フィデア,TCFD,
公立学校共済組合,公立学校共済組合,TCFD,
警察共済組合,警察共済組合,TCFD,
森トラスト・アセットマネジメント株式会社,森トラストアセットマネジメント,TCFD,
全国市町村職員共済組合連合会,全国市町村職員共済組合連合会,TCFD,
株式会社中京銀行,中京銀行,TCFD,
株式会社イデラキャピタルマネジメント,イデラキャピタルマネジメント,TCFD,
みずほリアルティOne株式会社,みずほリアルティONE,TCFD,
株式会社プロクレアホールディングス,プロクレア,TCFD,
タカラアセットマネジメント株式会社,タカラアセットマネジメント,TCFD,
碧海信用金庫,碧海信用金庫,TCFD,
京都中央信用金庫,京都中央信用金庫,TCFD,
株式会社北國フィナンシャルホールディングス,北國フィナンシャル,TCFD,
トモニホールディングス株式会社,トモニ,TCFD,
アルヒ株式会社,アルヒ,TCFD,
東京都職員共済組合,東京都職員共済組合,TCFD,
株式会社静岡中央銀行,静岡中央銀行,TCFD,
株式会社Wizleap,WIZLEAP,TCFD,
東急リアル・エステート・インベストメント・マネジメント株式会社,東急リアルエステートインベストメントマネジメント,TCFD,
浜松磐田信用金庫,浜松磐田信用金庫,TCFD,
NECキャピタルソリューション株式会社,NECキャピタルソリューション,TCFD,
株式会あいちフィナンシャルグループ,株式会あいちフィナンシャルグループ,TCFD,
GCMアセットマネジメント株式会社,GCMアセットマネジメント,TCFD,
国民年金基金連合会,国民年金基金連合会,TCFD,
農林中金全共連アセットマネジメント株式会社,農林中金全共連アセットマネジメント,TCFD,
SBIリートアドバイザーズ株式会社,SBIリートアドバイザーズ,TCFD,
三井物産リアルティ・マネジメント株式会社,三井物産リアルティマネジメント,TCFD,
ヘルスケアアセットマネジメント株式会社,ヘルスケアアセットマネジメント,TCFD,
株式会社じもとホールディングス,じもと,TCFD,
尼崎信用金庫,尼崎信用金庫,TCFD,
北海道信用農業協同組合連合会,北海道信用農業協同組合連合会,TCFD,
静岡県信用農業協同組合連合会,静岡県信用農業協同組合連合会,TCFD,
住信SBIネット銀行株式会社,住信SBIネット銀行,TCFD,
アニコムホールディングス株式会社,アニコム,TCFD,
サステイナブル・パートナー株式会社,サステイナブルパートナー,TCFD,
SBIホールディングス株式会社,SBI,TCFD,
株式会社南日本銀行,南日本銀行,TCFD,
ジャフコ グループ株式会社,ジャフコグループ,TCFD,
いちよしアセットマネジメント株式会社,いちよしアセットマネジメント,TCFD,
18 Salisbury Capital Japan 株式会社,18SALISBURYCAPITALJAPAN,TCFD,
三井物産オルタナティブインベストメンツ株式会社,三井物産オルタナティブインベストメンツ,TCFD,
三重県信用農業協同組合連合会,三重県信用農業協同組合連合会,TCFD,
楽天証券ホールディングス株式会社,楽天証券,TCFD,
金融庁,金融庁,TCFD,
環境省,環境省,TCFD,
経済産業省,経済産業省,TCFD,
日本銀行,日本銀行,TCFD,
独立行政法人日本貿易振興機構,独立行政法人日本貿易振興機構,TCFD,
国立研究開発法人産業技術総合研究所,国立研究開発法人産業技術総合研究所,TCFD,
国立研究開発法人新エネルギー・産業技術総合開発機構,国立研究開発法人新エネルギー産業技術総合開発機構,TCFD,
独立行政法人中小企業基盤整備機構,独立行政法人中小企業基盤整備機構,TCFD,
国立研究開発法人科学技術振興機構,国立研究開発法人科学技術振興機構,TCFD,
独立行政法人住宅金融支援機構,独立行政法人住宅金融支援機構,TCFD,
独立行政法人エネルギー・金属鉱物資源機構,独立行政法人エネルギー金属鉱物資源機構,TCFD,
日本公認会計士協会,日本公認会計士協会,TCFD,
一般社団法人投資信託協会,一般社団法人投資信託協会,TCFD,
一般社団法人日本投資顧問業協会,一般社団法人日本投資顧問業協会,TCFD,
日本証券業協会,日本証券業協会,TCFD,
一般社団法人生命保険協会,一般社団法人生命保険協会,TCFD,
一般財団法人日本海事協会,一般財団法人日本海事協会,TCFD,
一般社団法人日本貿易会,一般社団法人日本貿易会,TCFD,
一般社団法人日本経済団体連合会,一般社団法人日本経済団体連合会,TCFD,
一般社団法人環境金融研究機構,一般社団法人環境金融研究機構,TCFD,
一般社団法人日本損害保険協会,一般社団法人日本損害保険協会,TCFD,
公益財団法人笹川平和財団,公益財団法人笹川平和財団,TCFD,
西村あさひ法律事務所,西村あさひ法律事務所,TCFD,
公益社団法人 日本証券アナリスト協会,公益社団法人日本証券アナリスト協会,TCFD,
森・濱田松本法律事務所,森濱田松本法律事務所,TCFD,
一般社団法人全国銀行協会,一般社団法人全国銀行協会,TCFD,
一般財団法人食品産業センター,一般財団法人食品産業センター,TCFD,
一般社団法人全国地方銀行協会,一般社団法人全国地方銀行協会,TCFD,
ブルークリーン株式会社,ブルークリーン,TCFD,
株式会社竹中工務店,竹中工務店,TCFD,
一般財団法人日本気象協会,一般財団法人日本気象協会,TCFD,
渥美坂井法律事務所,渥美坂井法律事務所,TCFD,
渥美坂井法律事務所・外国法共同事業,渥美坂井法律事務所外国法共同事業,TCFD,
ソコテック・サーティフィケーション・ジャパン株式会社,ソコテックサーティフィケーションジャパン,TCFD,
合同会社SerenityPrayer,SERENITYPRAYER,TCFD,
カーボンフリーコンサルティング株式会社,カーボンフリーコンサルティング,TCFD,
長島・大野・常松法律事務所,長島大野常松法律事務所,TCFD,
一般社団法人環境エネルギー事業協会,一般社団法人環境エネルギー事業協会,TCFD,
株式会社福田総合研究所,福田総合研究所,TCFD,
太陽有限責任監査法人,太陽有限責任監査法人,TCFD,
株式会社QUICK,QUICK,TCFD,
Willsame株式会社,WILLSAME,TCFD,
GRiT Partners 法律事務所,GRITPARTNERS法律事務所,TCFD,
Center for Environment and Energy Conservation (環境・省エネルギー計算センター（株式会社HorizonXX),CENTERFORENVIRONMENTANDENERGYCONSERVATION環境省エネルギー計算センターHORIZONXX,TCFD,
"ECO-PLAN Co.,Ltd.",ECOPLAN,TCFD,
株式会社HorizonXX,HORIZONXX,TCFD,
国立大学法人東北大学,国立大学法人東北大学,TCFD,
EY Japan株式会社,EYJAPAN,TCFD,
株式会社ネクシィーズグループ,ネクシィーズグループ,TCFD,
株式会社ZOZO,ZOZO,TCFD,
一般社団法人国土技術研究センター,一般社団法人国土技術研究センター,TCFD,
株式会社LNOBコンサルティング,LNOBコンサルティング,TCFD,
綜合警備保障株式会社,綜合警備保障,TCFD,
一般財団法人河川情報センター,一般財団法人河川情報センター,TCFD,
株式会社ブレインファーム,ブレインファーム,TCFD,
Codo Advisory株式会社,CODOADVISORY,TCFD,
パーソルホールディングス株式会社,パーソル,TCFD,
日本ゼルス株式会社,日本ゼルス,TCFD,
イオンディライト株式会社,イオンディライト,TCFD,
株式会社ベイカレント・コンサルティング,ベイカレントコンサルティング,TCFD,
キャプラン株式会社,キャプラン,TCFD,
合同会社御園総合アドバイザリー,御園総合アドバイザリー,TCFD,
FOSCHIA JAPAN株式会社,FOSCHIAJAPAN,TCFD,
株式会社フジ・メディア・ホールディングス,フジメディア,TCFD,
ジャパンベストレスキューシステム株式会社,ジャパンベストレスキューシステム,TCFD,
株式会社マクニカホールディングス,マクニカ,TCFD,
日鉄物産株式会社,日鉄物産,TCFD,
Ridgelinez株式会社,RIDGELINEZ,TCFD,
熱技術開発株式会社,熱技術開発,TCFD,
エイチ・ツー・オーリテイリング株式会社,エイチツーオーリテイリング,TCFD,
株式会社ミダックホールディングス,ミダック,TCFD,
テクノプロ・ホールディングス株式会社,テクノプロ,TCFD,
TREホールディングス株式会社,TRE,TCFD,
一般社団法人サステナビリティコミュニケーション協会,一般社団法人サステナビリティコミュニケーション協会,TCFD,
株式会社プレステージ・インターナショナル,プレステージインターナショナル,TCFD,
バリュエンスホールディングス株式会社,バリュエンス,TCFD,
株式会社日建設計,日建設計,TCFD,
RAUL株式会社,RAUL,TCFD,
株式会社エス・エム・エス,エスエムエス,TCFD,
株式会社FOOD & LIFE COMPANIES,FOOD&LIFECOMPANIES,TCFD,
フロンティア・マネジメント株式会社,フロンティアマネジメント,TCFD,
株式会社グローセル,グローセル,TCFD,
ジャパンエレベーターサービスホールディングス株式会社,ジャパンエレベーターサービス,TCFD,
株式会社マナビバ,マナビバ,TCFD,
葛生製袋工業株式会社,葛生製袋工業,TCFD,
株式会社ライズ・コンサルティング・グループ,ライズコンサルティンググループ,TCFD,
株式会社ユー・エス・エス,ユーエスエス,TCFD,
株式会社アドライト,アドライト,TCFD,
株式会社エディット,エディット,TCFD,
株式会社インテージホールディングス,インテージ,TCFD,
株式会社カクヤスグループ,カクヤスグループ,TCFD,
株式会社 カヌチャベイリゾート,カヌチャベイリゾート,TCFD,
日本ピストンリング株式会社,日本ピストンリング,TCFD,
株式会社リョーサン,リョーサン,TCFD,
東邦ホールディングス株式会社,東邦,TCFD,
株式会社ツナグバ,ツナグバ,TCFD,
ウェルビー株式会社,ウェルビー,TCFD,
AGBIOTECH株式会社,AGBIOTECH,TCFD,
株式会社aiESG,AIESG,TCFD,
株式会社船井総研ホールディングス,船井総研,TCFD,
株式会社ゼロック,ゼロック,TCFD,
株式会社GMSコンサルティング,GMSコンサルティング,TCFD,
超え環境ビジネス株式会社,超え環境ビジネス,TCFD,
合同会社samasama,SAMASAMA,TCFD,
アビームコンサルティング株式会社,アビームコンサルティング,TCFD,
株式会社セプテーニ・ホールディングス,セプテーニ,TCFD,
リクロマ株式会社,リクロマ,TCFD,
NISSOホールディングス株式会社,NISSO,TCFD,
株式会社アウトソーシング,アウトソーシング,TCFD,
"Sekisui House, LTD",,SBTi,"SEKISUI HOUSE, "
TIS Inc.,,SBTi,TIS INC.
Tsubakimoto Chain Co.,,SBTi,TSUBAKIMOTO CHAIN CO.
Asahi Kasei Homes Corporation,,SBTi,ASAHI KASEI HOMES 
ESPEC Corp.,,SBTi,ESPEC CORP.
"ISHIZUKA GLASS CO., LTD.",,SBTi,"ISHIZUKA GLASS CO., LTD."
"Recruit Holdings Co., Ltd.",,SBTi,"RECRUIT HOLDINGS CO., LTD."
UNITED ARROWS LTD.,,SBTi,UNITED ARROWS LTD.
Advantest Corporation,,SBTi,ADVANTEST 
"Aeon Co., Ltd.",,SBTi,"AEON CO., LTD."
"AEON MALL Co., Ltd.",,SBTi,"AEON MALL CO., LTD."
AGC Inc.,,SBTi,AGC INC.
AISIN CORPORATION,,SBTi,AISIN 
"Ajinomoto Co., Inc.",,SBTi,"AJINOMOTO CO., INC."
"AMADA CO.,LTD.",,SBTi,"AMADA CO.,LTD."
ANA Holdings Inc.,,SBTi,ANA HOLDINGS INC.
Anritsu Corporation,,SBTi,ANRITSU 
Asahi Group Holdings Ltd.,,SBTi,ASAHI GROUP HOLDINGS LTD.
"Asahi Woodtec Co., Ltd.",,SBTi,"ASAHI WOODTEC CO., LTD."
"Asia Air Survey Co.,Ltd.",,SBTi,"ASIA AIR SURVEY CO.,LTD."
ASICS Corporation,,SBTi,ASICS 
ASKUL Corporation,,SBTi,ASKUL 
Astellas Pharma Inc.,,SBTi,ASTELLAS PHARMA INC.
Azbil Corporation,,SBTi,AZBIL 
"BELLSYSTEM24 HOLDINGS, INC.",,SBTi,"BELLSYSTEM24 HOLDINGS, INC."
"Benesse Corporation, Inc.",,SBTi,"BENESSE CORPORATION, INC."
BIPROGY Inc.,,SBTi,BIPROGY INC.
Bridgestone Corporation,,SBTi,BRIDGESTONE 
"Brother Industries, Ltd.",,SBTi,"BROTHER INDUSTRIES, LTD."
"Bunka Shutter Co., Ltd.",,SBTi,"BUNKA SHUTTER CO., LTD."
CANON INC.,,SBTi,CANON INC.
"CASIO COMPUTER CO., LTD.",,SBTi,"CASIO COMPUTER CO., LTD."
TDK Corporation,,SBTi,TDK 
"Chugai Pharmaceutical Co., Ltd.",,SBTi,"CHUGAI PHARMACEUTICAL CO., LTD."
"CITIZEN WATCH CO., LTD.",,SBTi,"CITIZEN WATCH CO., LTD."
Comany Inc.,,SBTi,COMANY INC.
COMSYS Holdings Corporation,,SBTi,COMSYS HOLDINGS 
"Dai Nippon Printing Co., Ltd.",,SBTi,"DAI NIPPON PRINTING CO., LTD."
"Daiichi Sankyo Co., Ltd.",,SBTi,"DAIICHI SANKYO CO., LTD."
DAIKEN CORPORATION,,SBTi,DAIKEN 
"Daiseki Co., Ltd.",,SBTi,"DAISEKI CO., LTD."
"Daito Trust Construction Co., Ltd.",,SBTi,"DAITO TRUST CONSTRUCTION CO., LTD."
"Daiwa House Industry Co., Ltd.",,SBTi,"DAIWA HOUSE INDUSTRY CO., LTD."
Dentsu Group Inc.,,SBTi,DENTSU GROUP INC.
DIC Corporation,,SBTi,DIC 
"DMG Mori Co., Ltd.",,SBTi,"DMG MORI CO., LTD."
DTS CORPORATION,,SBTi,DTS 
E・J Holdings Inc.,,SBTi,E・J HOLDINGS INC.
"Eisai Co., Ltd.",,SBTi,"EISAI CO., LTD."
EIZO Corporation,,SBTi,EIZO 
"FamilyMart Co.,Ltd.",,SBTi,"FAMILYMART CO.,LTD."
Fanuc Corporation,,SBTi,FANUC 
"FineToday Co., Ltd.",,SBTi,"FINETODAY CO., LTD."
"FUJI BAKING GROUP CO., LTD.",,SBTi,"FUJI BAKING GROUP CO., LTD."
"FUJI ELECTRIC CO., LTD.",,SBTi,"FUJI ELECTRIC CO., LTD."
"FUJI OIL CO., LTD.",,SBTi,"FUJI OIL CO., LTD."
"FUJI SASH CO.,LTD.",,SBTi,"FUJI SASH CO.,LTD."
"Fuji Seal International, INC.",,SBTi,"FUJI SEAL INTERNATIONAL, INC."
FUJIFILM Holdings Corporation,,SBTi,FUJIFILM HOLDINGS 
Fujikura Ltd,,SBTi,FUJIKURA 
Fujitsu Limited,,SBTi,FUJITSU 
"Furukawa Electric Co., Ltd.",,SBTi,"FURUKAWA ELECTRIC CO., LTD."
Hamamatsu Photonics K.K.,,SBTi,HAMAMATSU PHOTONICS K.K.
Haseko Corporation,,SBTi,HASEKO 
HAZAMA ANDO CORPORATION,,SBTi,HAZAMA ANDO 
"Hitachi Astemo, Ltd",,SBTi,"HITACHI ASTEMO, "
"Hitachi Construction Machinery Co., Ltd.",,SBTi,"HITACHI CONSTRUCTION MACHINERY CO., LTD."
"Hitachi, Ltd.",,SBTi,"HITACHI, LTD."
"Hulic Co., Ltd.",,SBTi,"HULIC CO., LTD."
Itochu Techno-Solutions,,SBTi,ITOCHU TECHNO-SOLUTIONS
"IWATSU ELECTRIC CO.,LTD.",,SBTi,"IWATSU ELECTRIC CO.,LTD."
"J. FRONT RETAILING Co., Ltd.",,SBTi,"J. FRONT RETAILING CO., LTD."
"Japan Elevator Service Holdings Co., Ltd.",,SBTi,"JAPAN ELEVATOR SERVICE HOLDINGS CO., LTD."
Japan Tobacco Inc.,,SBTi,JAPAN TOBACCO INC.
JDC CORPORATION,,SBTi,JDC 
"JENEX CO., LTD.",,SBTi,"JENEX CO., LTD."
"Joshin Denki Co.,Ltd.",,SBTi,"JOSHIN DENKI CO.,LTD."
"Kagome Co., Ltd.",,SBTi,"KAGOME CO., LTD."
Kajima Corporation,,SBTi,KAJIMA 
KAO Corporation,,SBTi,KAO 
"Kawasaki Kisen Kaisha, Ltd.",,SBTi,"KAWASAKI KISEN KAISHA, LTD."
KDDI Corporation,,SBTi,KDDI 
Kikkoman Corporation,,SBTi,KIKKOMAN 
Kirin Holdings Co Ltd,,SBTi,KIRIN HOLDINGS CO 
"KMEW Co.,Ltd",,SBTi,"KMEW CO.,"
"KOBAYASHI PHARMACEUTICAL CO., LTD.",,SBTi,"KOBAYASHI PHARMACEUTICAL CO., LTD."
"Kokusai Kogyo Co., Ltd",,SBTi,"KOKUSAI KOGYO CO., "
Komatsu Ltd.,,SBTi,KOMATSU LTD.
"Konica Minolta, Inc.",,SBTi,"KONICA MINOLTA, INC."
KOSÉ Corporation,,SBTi,KOSÉ 
"Nissin Foods Holdings Co., Ltd.",,SBTi,"NISSIN FOODS HOLDINGS CO., LTD."
"Kumagai Gumi Co., Ltd.",,SBTi,"KUMAGAI GUMI CO., LTD."
KYOCERA Corporation,,SBTi,KYOCERA 
LIXIL Corporation,,SBTi,LIXIL 
"LOTTE CO., LTD.",,SBTi,"LOTTE CO., LTD."
Maeda Corporation,,SBTi,MAEDA 
"MARUI GROUP CO.,LTD.",,SBTi,"MARUI GROUP CO.,LTD."
"MATSUDA SANGYO Co.,Ltd.",,SBTi,"MATSUDA SANGYO CO.,LTD."
MEIDENSHA CORPORATION,,SBTi,MEIDENSHA 
"Meiji Holdings Co., Ltd.",,SBTi,"MEIJI HOLDINGS CO., LTD."
"Mercari, Inc.",,SBTi,"MERCARI, INC."
MIRAIT ONE Corporation,,SBTi,MIRAIT ONE 
Mitsubishi Electric Corporation,,SBTi,MITSUBISHI ELECTRIC 
"MITSUBISHI ESTATE CO., LTD.",,SBTi,"MITSUBISHI ESTATE CO., LTD."
"MITSUI FUDOSAN CO., LTD.",,SBTi,"MITSUI FUDOSAN CO., LTD."
MIZUNO CORPORATION,,SBTi,MIZUNO 
"Mori Building Co., Ltd.",,SBTi,"MORI BUILDING CO., LTD."
"Murata Manufacturing Co., Ltd.",,SBTi,"MURATA MANUFACTURING CO., LTD."
Nabtesco Corporation,,SBTi,NABTESCO 
NEC Corporation,,SBTi,NEC 
"NGK INSULATORS, LTD.",,SBTi,"NGK INSULATORS, LTD."
"Niterra Co., Ltd.",,SBTi,"NITERRA CO., LTD."
"Nichirin Co., Ltd.",,SBTi,"NICHIRIN CO., LTD."
Nidec Corporation,,SBTi,NIDEC 
"Nihon Yamamura Glass Co., Ltd.",,SBTi,"NIHON YAMAMURA GLASS CO., LTD."
Nikon Corporation,,SBTi,NIKON 
"Nippon Sheet Glass, Co., Ltd. (NSG Group).",,SBTi,"NIPPON SHEET GLASS, CO., LTD. (NSG GROUP)."
Nippon Yusen Kabushiki Kaisha,,SBTi,NIPPON YUSEN KABUSHIKI KAISHA
"Nishimatsu Construction Co., Ltd",,SBTi,"NISHIMATSU CONSTRUCTION CO., "
"Nissan Motor Co., Ltd.",,SBTi,"NISSAN MOTOR CO., LTD."
"Nissin Electric Co., Ltd.",,SBTi,"NISSIN ELECTRIC CO., LTD."
"Nomura Real Estate Holdings, Inc.",,SBTi,"NOMURA REAL ESTATE HOLDINGS, INC."
"Nomura Research Institute, Ltd.",,SBTi,"NOMURA RESEARCH INSTITUTE, LTD."
NTT DATA Corporation,,SBTi,NTT DATA 
NTT Docomo Inc.,,SBTi,NTT DOCOMO INC.
NTT Group,,SBTi,NTT 
"NTT Urban Solutions, Inc.",,SBTi,"NTT URBAN SOLUTIONS, INC."
Obayashi Corporation,,SBTi,OBAYASHI 
"Okabe Co.,Ltd",,SBTi,"OKABE CO.,"
Okamura Corporation,,SBTi,OKAMURA 
"OKI Electric Industry Co., Ltd.",,SBTi,"OKI ELECTRIC INDUSTRY CO., LTD."
Okumura Corporation,,SBTi,OKUMURA 
OMRON Corporation,,SBTi,OMRON 
"ONO PHARMACEUTICAL CO., LTD.",,SBTi,"ONO PHARMACEUTICAL CO., LTD."
OTSUKA CORPORATION,,SBTi,OTSUKA 
"Otsuka Pharmaceutical Co., Ltd.",,SBTi,"OTSUKA PHARMACEUTICAL CO., LTD."
"PACIFIC CONSULTANTS CO.,LTD.",,SBTi,"PACIFIC CONSULTANTS CO.,LTD."
Panasonic Holdings Corporation,,SBTi,PANASONIC HOLDINGS 
"Penta-Ocean Construction CO., LTD",,SBTi,"PENTA-OCEAN CONSTRUCTION CO., "
"Komatsu Wall Industry Co., Ltd.",,SBTi,"KOMATSU WALL INDUSTRY CO., LTD."
POLA ORBIS HOLDINGS INC,,SBTi,POLA ORBIS HOLDINGS 
"Rakuten Group, Inc.",,SBTi,"RAKUTEN GROUP, INC."
REINOWA Holdings Inc.,,SBTi,REINOWA HOLDINGS INC.
Renesas Electronics Corporation,,SBTi,RENESAS ELECTRONICS 
"Rengo Co., Ltd.",,SBTi,"RENGO CO., LTD."
"Ricoh Co., Ltd.",,SBTi,"RICOH CO., LTD."
"Rock Paint Co., Ltd",,SBTi,"ROCK PAINT CO., "
"ROHM Co., Ltd.",,SBTi,"ROHM CO., LTD."
"SAGAWA EXPRESS CO.,LTD",,SBTi,"SAGAWA EXPRESS CO.,"
SANDEN CORPORATION,,SBTi,SANDEN 
"Santen Pharmaceutical Co., Ltd",,SBTi,"SANTEN PHARMACEUTICAL CO., "
SCSK Corporation,,SBTi,SCSK 
SAPPORO HOLDINGS LTD.,,SBTi,SAPPORO HOLDINGS LTD.
"SCREEN Holdings Co., Ltd.",,SBTi,"SCREEN HOLDINGS CO., LTD."
"SECOM CO., LTD.",,SBTi,"SECOM CO., LTD."
Shimizu Corporation,,SBTi,SHIMIZU 
"SEIKITOKYU KOGYO CO., LTD.",,SBTi,"SEIKITOKYU KOGYO CO., LTD."
Seiko Epson Corporation,,SBTi,SEIKO EPSON 
Sharp Corporation,,SBTi,SHARP 
SHIMADZU CORPORATION,,SBTi,SHIMADZU 
"Shionogi & Co.,Ltd",,SBTi,"SHIONOGI & CO.,"
Shiseido Company Limited,,SBTi,SHISEIDO COMPANY 
SoftBank Corp.,,SBTi,SOFTBANK CORP.
Sony Group Corporation,,SBTi,SONY GROUP 
"Starzen Co., Ltd.",,SBTi,"STARZEN CO., LTD."
"SUMITOMO CHEMICAL Co., Ltd.",,SBTi,"SUMITOMO CHEMICAL CO., LTD."
"Sumitomo Electric Industries, Ltd.",,SBTi,"SUMITOMO ELECTRIC INDUSTRIES, LTD."
"Sumitomo Forestry Co., Ltd",,SBTi,"SUMITOMO FORESTRY CO., "
"Sumitomo Pharma Co., Ltd.",,SBTi,"SUMITOMO PHARMA CO., LTD."
"SUMITOMO RUBBER INDUSTRIES,LTD.",,SBTi,"SUMITOMO RUBBER INDUSTRIES,LTD."
Suntory Beverage & Food Limited,,SBTi,SUNTORY BEVERAGE & FOOD 
Suntory Group,,SBTi,SUNTORY 
SYSMEX CORPORATION,,SBTi,SYSMEX 
"TAIHO PHARMACEUTICAL CO., LTD",,SBTi,"TAIHO PHARMACEUTICAL CO., "
TAISEI CORPORATION,,SBTi,TAISEI 
Takasago Thermal Engineering,,SBTi,TAKASAGO THERMAL ENGINEERING
Takasago International Corporation,,SBTi,TAKASAGO INTERNATIONAL 
Takeda Pharmaceutical Company,,SBTi,TAKEDA PHARMACEUTICAL COMPANY
TAKENAKA CORPORATION,,SBTi,TAKENAKA 
Teijin limited,,SBTi,TEIJIN 
TOA Corporation,,SBTi,TOA 
Tobishima Corporation,,SBTi,TOBISHIMA 
TOCLAS CORPORATION,,SBTi,TOCLAS 
TODA Corporation,,SBTi,TODA 
Tokyo Electron Limited,,SBTi,TOKYO ELECTRON 
"Tokyo Tatemono Co., Ltd.",,SBTi,"TOKYO TATEMONO CO., LTD."
"Tokyu Construction Co., Ltd.",,SBTi,"TOKYU CONSTRUCTION CO., LTD."
Tokyu Fudosan Holdings Corporation,,SBTi,TOKYU FUDOSAN HOLDINGS 
TOPPAN Holdings INC.,,SBTi,TOPPAN HOLDINGS INC.
Toshiba Corporation,,SBTi,TOSHIBA 
TOTO LTD.,,SBTi,TOTO LTD.
"TOYOBO CO., LTD.",,SBTi,"TOYOBO CO., LTD."
TOYOTA BOSHOKU CORPORATION,,SBTi,TOYOTA BOSHOKU 
Toyota Industries Corporation,,SBTi,TOYOTA INDUSTRIES 
Toyota Motor Corporation,,SBTi,TOYOTA MOTOR 
"TSI HOLDINGS CO., LTD.",,SBTi,"TSI HOLDINGS CO., LTD."
Unicharm Corporation,,SBTi,UNICHARM 
USHIO INC.,,SBTi,USHIO INC.
"Yachiyo Engineering Co., Ltd.",,SBTi,"YACHIYO ENGINEERING CO., LTD."
Yamaha Corporation,,SBTi,YAMAHA 
Yaskawa Electric Corporation,,SBTi,YASKAWA ELECTRIC 
YKK AP Inc.,,SBTi,YKK AP INC.
YKK Corporation,,SBTi,YKK 
Yokogawa Electric Corporation,,SBTi,YOKOGAWA ELECTRIC 
Yokogawa Rental ＆ Lease Corporation,,SBTi,YOKOGAWA RENTAL ＆ LEASE 
"ZOZO, Inc.",,SBTi,"ZOZO, INC."
TEKKEN CORPORATION,,SBTi,TEKKEN 
UBE Corporation,,SBTi,UBE 
Terumo Corporation,,SBTi,TERUMO 
"SEKISUI CHEMICAL CO., LTD",,SBTi,"SEKISUI CHEMICAL CO., "
Lion Corporation,,SBTi,LION 
"Toyo Seikan Group Holdings, Ltd.",,SBTi,"TOYO SEIKAN GROUP HOLDINGS, LTD."
"Sekisui House Reit, Inc.",,SBTi,"SEKISUI HOUSE REIT, INC."
"SKYLARK HOLDINGS CO., LTD.",,SBTi,"SKYLARK HOLDINGS CO., LTD."
SMC Corporation,,SBTi,SMC 
"SANKO Co.,Ltd",,SBTi,"SANKO CO.,"
AUCNET INC.,,SBTi,AUCNET INC.
NICHICON CORPORATION,,SBTi,NICHICON 
JTEKT CORPORATION,,SBTi,JTEKT 
"TSUBAKI NAKASHIMA CO.,LTD.",,SBTi,"TSUBAKI NAKASHIMA CO.,LTD."
"THE NIPPON ROAD Co., Ltd.",,SBTi,"THE NIPPON ROAD CO., LTD."
DENSO Corporation,,SBTi,DENSO 
"NIPPON EXPRESS HOLDINGS,INC.",,SBTi,"NIPPON EXPRESS HOLDINGS,INC."
MinebeaMitsumi Inc.,,SBTi,MINEBEAMITSUMI INC.
"Kyodo Printing Co., Ltd.",,SBTi,"KYODO PRINTING CO., LTD."
TMEIC Corporation,,SBTi,TMEIC 
"Shindengen Electric Manufacturing Co., Ltd.",,SBTi,"SHINDENGEN ELECTRIC MANUFACTURING CO., LTD."
Olympus Corporation,,SBTi,OLYMPUS 
"USS Co., Ltd.",,SBTi,"USS CO., LTD."
"Kawashima Selkon Textiles Co.,Ltd.",,SBTi,"KAWASHIMA SELKON TEXTILES CO.,LTD."
"TOYODA GOSEI CO., LTD.",,SBTi,"TOYODA GOSEI CO., LTD."
Cleanup Corporation,,SBTi,CLEANUP 
Itoki Corporation,,SBTi,ITOKI 
"Energywith Co.,Ltd",,SBTi,"ENERGYWITH CO.,"
"Kintetsu World Express,Inc.",,SBTi,"KINTETSU WORLD EXPRESS,INC."
TOYOTA TSUSHO CORPORATION,,SBTi,TOYOTA TSUSHO 
KOKUSAI ELECTRIC CORPORATION,,SBTi,KOKUSAI ELECTRIC 
"Marelli Holdings Co.,Ltd.",,SBTi,"MARELLI HOLDINGS CO.,LTD."
FORVAL CORPORATION,,SBTi,FORVAL 
"KANAE CO., LTD./KANAE TECHNOS Co., Ltd./KANAE CS PACK Co.,Ltd.",,SBTi,"KANAE CO., LTD./KANAE TECHNOS CO., LTD./KANAE CS PACK CO.,LTD."
"Daifuku Co., Ltd.",,SBTi,"DAIFUKU CO., LTD."
"Sumitomo Mitsui Construction Co., Ltd.",,SBTi,"SUMITOMO MITSUI CONSTRUCTION CO., LTD."
SAKATA INX CORPORATION,,SBTi,SAKATA INX 
PHC HOLDINGS CORPORATION,,SBTi,PHC HOLDINGS 
PeptiDream Inc.,,SBTi,PEPTIDREAM INC.
"Nippon Shinyaku Co., Ltd.",,SBTi,"NIPPON SHINYAKU CO., LTD."
"Kawasaki Heavy industries, Ltd.",,SBTi,"KAWASAKI HEAVY INDUSTRIES, LTD."
A2 Healthcare Corporation,,SBTi,A2 HEALTHCARE 
JSR Corporation,,SBTi,JSR 
"Qol Holdings Co., Ltd.",,SBTi,"QOL HOLDINGS CO., LTD."
"Linical Co., Ltd.",,SBTi,"LINICAL CO., LTD."
"Eidai Co.,Ltd.",,SBTi,"EIDAI CO.,LTD."
"EPNextS, Inc.",,SBTi,"EPNEXTS, INC."
transcosmos inc.,,SBTi,TRANSCOSMOS INC.
"MedPeer, Inc.",,SBTi,"MEDPEER, INC."
"SMS Co., Ltd.",,SBTi,"SMS CO., LTD."
SUMCO Corporation,,SBTi,SUMCO 
RELOCATION JAPAN. LIMITED.,,SBTi,RELOCATION JAPAN. LIMITED.
"DAIKIN INDUSTRIES, LTD",,SBTi,"DAIKIN INDUSTRIES, "
"SANKI ENGINEERING CO., LTD.",,SBTi,"SANKI ENGINEERING CO., LTD."
"EIKEN CHEMICAL CO., LTD.",,SBTi,"EIKEN CHEMICAL CO., LTD."
"Sumitomo Bakelite Co., Ltd.",,SBTi,"SUMITOMO BAKELITE CO., LTD."
"DKK Co.,Ltd.",,SBTi,"DKK CO.,LTD."
"NITTOBO MEDICAL Co.,Ltd",,SBTi,"NITTOBO MEDICAL CO.,"
MITSUBISHI LOGISTICS CORPORATION,,SBTi,MITSUBISHI LOGISTICS 
Zeon Corporation,,SBTi,ZEON 
Taikisha Ltd.,,SBTi,TAIKISHA LTD.
NICHIAS Corporation,,SBTi,NICHIAS 
"SAYCO Building Management Co., Ltd",,SBTi,"SAYCO BUILDING MANAGEMENT CO., "
"Alps Alpine Co., Ltd.",,SBTi,"ALPS ALPINE CO., LTD."
Ichigo Inc.,,SBTi,ICHIGO INC.
Seiko Group Corporation,,SBTi,SEIKO GROUP 
Kurita Water Industries Ltd.,,SBTi,KURITA WATER INDUSTRIES LTD.
"Shin Nippon Air Technologies Co., Ltd.",,SBTi,"SHIN NIPPON AIR TECHNOLOGIES CO., LTD."
"MACNICA HOLDINGS, INC.",,SBTi,"MACNICA HOLDINGS, INC."
"Sanyo Special Steel Co., Ltd.",,SBTi,"SANYO SPECIAL STEEL CO., LTD."
"GMO Payment Gateway, Inc",,SBTi,"GMO PAYMENT GATEWAY, "
Toyo Tire Corporation,,SBTi,TOYO TIRE 
"T.HASEGAWA CO.,LTD.",,SBTi,"T.HASEGAWA CO.,LTD."
"Sumitomo Seika Chemicals Company, Limited.",,SBTi,"SUMITOMO SEIKA CHEMICALS COMPANY, LIMITED."
YAMASHIN-FILTER CORP.,,SBTi,YAMASHIN-FILTER CORP.
Pioneer Corporation,,SBTi,PIONEER 
"OSAKI ELECTRIC CO.,LTD.",,SBTi,"OSAKI ELECTRIC CO.,LTD."
"MAEZAWA KASEI INDUSTRIES CO., LTD.",,SBTi,"MAEZAWA KASEI INDUSTRIES CO., LTD."
"KOKUYO Co.,Ltd.",,SBTi,"KOKUYO CO.,LTD."
"Credit Saison Co., Ltd.",,SBTi,"CREDIT SAISON CO., LTD."
EBARA CORPORATION,,SBTi,EBARA 
"Taiyo Yuden Co., Ltd.",,SBTi,"TAIYO YUDEN CO., LTD."
"Medical Data Vision Co., Ltd.",,SBTi,"MEDICAL DATA VISION CO., LTD."
"EXEO Group, Inc.",,SBTi,"EXEO GROUP, INC."
"Tera Probe,Inc.",,SBTi,"TERA PROBE,INC."
"Sogo Printing Co., Ltd.",,SBTi,"SOGO PRINTING CO., LTD."
NAMICS CORPORATION,,SBTi,NAMICS 
"DAI-DAN CO.,LTD.",,SBTi,"DAI-DAN CO.,LTD."
SIIX Corporation,,SBTi,SIIX 
Comforia Residential REIT Inc.,,SBTi,COMFORIA RESIDENTIAL REIT INC.
"CBC CO., LTD",,SBTi,"CBC CO., "
Nitto Denko Corporation,,SBTi,NITTO DENKO 
"AOMI CONSTRUCTION CO.,LTD.",,SBTi,"AOMI CONSTRUCTION CO.,LTD."
Lintec Corporation,,SBTi,LINTEC 
SANYO SHOKAI LTD.,,SBTi,SANYO SHOKAI LTD.
"Integrated Design & Engineering Holdings Co., Ltd.",,SBTi,"INTEGRATED DESIGN & ENGINEERING HOLDINGS CO., LTD."
"Wacom Co., Ltd.",,SBTi,"WACOM CO., LTD."
"Yakult Honsha Co., Ltd",,SBTi,"YAKULT HONSHA CO., "
HONMA Corporation,,SBTi,HONMA 
Vision Inc.,,SBTi,VISION INC.
"NIPPON THOMPSON CO.,LTD.",,SBTi,"NIPPON THOMPSON CO.,LTD."
"Hulic Reit, Inc.",,SBTi,"HULIC REIT, INC."
INFRONEER Holdings Inc.,,SBTi,INFRONEER HOLDINGS INC.
"Bikenkougyou Co.,Ltd",,SBTi,"BIKENKOUGYOU CO.,"
"ABE NIKKO KOGYO CO.,LTD.",,SBTi,"ABE NIKKO KOGYO CO.,LTD."
HARADA CORPORATION,,SBTi,HARADA 
"TOBU TOP TOURS CO.,LTD",,SBTi,"TOBU TOP TOURS CO.,"
Pigeon Corporation,,SBTi,PIGEON 
"MABUCHI MOTOR CO.,LTD.",,SBTi,"MABUCHI MOTOR CO.,LTD."
"MIRARTH HOLDINGS, Inc.",,SBTi,"MIRARTH HOLDINGS, INC."
"DeNA Co., Ltd.",,SBTi,"DENA CO., LTD."
Ryoden,,SBTi,RYODEN
"ASAHI KOGYOSHA CO.,LTD.",,SBTi,"ASAHI KOGYOSHA CO.,LTD."
"CMIC HOLDINGS Co., Ltd.",,SBTi,"CMIC HOLDINGS CO., LTD."
"NITTOC CONSTRUCTION CO., LTD.",,SBTi,"NITTOC CONSTRUCTION CO., LTD."
"PERSOL TEMPSTAFF CO., LTD.",,SBTi,"PERSOL TEMPSTAFF CO., LTD."
"Asunaro Aoki Construction Co., Ltd.",,SBTi,"ASUNARO AOKI CONSTRUCTION CO., LTD."
"Nippon Air Conditioning Services Co., Ltd.",,SBTi,"NIPPON AIR CONDITIONING SERVICES CO., LTD."
"Konoshima Chemical Co Ltd.,",,SBTi,"KONOSHIMA CHEMICAL CO LTD.,"
"TECHNO RENT CO.,LTD",,SBTi,"TECHNO RENT CO.,"
Hosiden,,SBTi,HOSIDEN
"KOTOBUKI SEIHAN PRINTING CO., LTD.",,SBTi,"KOTOBUKI SEIHAN PRINTING CO., LTD."
Business Brain Showa-Ota Inc.,,SBTi,BUSINESS BRAIN SHOWA-OTA INC.
TOYO CONSTRUCTION,,SBTi,TOYO CONSTRUCTION
"ARE Holdings, Inc.",,SBTi,"ARE HOLDINGS, INC."
Goldwin Inc.,,SBTi,GOLDWIN INC.
"San-Ei Gen F.F.I., Inc.",,SBTi,"SAN-EI GEN F.F.I., INC."
Isetan Mitsukoshi Holdings Ltd.,,SBTi,ISETAN MITSUKOSHI HOLDINGS LTD.
"NORITAKE CO., LIMITED",,SBTi,"NORITAKE CO., "
Weathernews Inc.,,SBTi,WEATHERNEWS INC.
NIPPO CORPORATION,,SBTi,NIPPO 
"YAHAGI CONSTRUCTION CO.,LTD",,SBTi,"YAHAGI CONSTRUCTION CO.,"
"Makino Milling Machine Co., Ltd.",,SBTi,"MAKINO MILLING MACHINE CO., LTD."
"OHMOTO GUMI CO.,LTD.",,SBTi,"OHMOTO GUMI CO.,LTD."
"SAXA, Inc.",,SBTi,"SAXA, INC."
Yoshino Kogyosho,,SBTi,YOSHINO KOGYOSHO
Fuji Pharma Group,,SBTi,FUJI PHARMA 
"Kato Kagaku Co.,Ltd.",,SBTi,"KATO KAGAKU CO.,LTD."
Daiwa Can Company,,SBTi,DAIWA CAN COMPANY
DAISHINKU CORP.,,SBTi,DAISHINKU CORP.
"KEICON Co.,Ltd.",,SBTi,"KEICON CO.,LTD."
Roland Corporation,,SBTi,ROLAND 
Daiwa Office Investment Corporation,,SBTi,DAIWA OFFICE INVESTMENT 
"DAIKYO SEIKO, LTD.",,SBTi,"DAIKYO SEIKO, LTD."
"IRISO ELECTRONICS CO.,LTD",,SBTi,"IRISO ELECTRONICS CO.,"
HOKKAN HOLDINGS LIMITED,,SBTi,HOKKAN HOLDINGS 
"MIRAI  CONSTRUCTION CO., LTD.",,SBTi,"MIRAI  CONSTRUCTION CO., LTD."
"GMO Financial Gate,Inc.",,SBTi,"GMO FINANCIAL GATE,INC."
KOIZUMI LIGHTING TECHNOLOGY CORP.,,SBTi,KOIZUMI LIGHTING TECHNOLOGY CORP.
NDK,,SBTi,NDK
Asahi Kasei Life Science Corp.,,SBTi,ASAHI KASEI LIFE SCIENCE CORP.
TOKYU REIT,,SBTi,TOKYU REIT
Oriental Shiraishi Corporation,,SBTi,ORIENTAL SHIRAISHI 
Shinwa Controls Company Limited,,SBTi,SHINWA CONTROLS COMPANY 
"KUROTA SEIKI-SEISAKUSHO CO.,LTD.",,SBTi,"KUROTA SEIKI-SEISAKUSHO CO.,LTD."
"FAST RETAILING CO., LTD.",,SBTi,"FAST RETAILING CO., LTD."
