company_name,spEmitCode,repDivID,gasID,reason,detail,raw_json_path
石油資源開発株式会社,985354701,1,1,200,"<div>
              <script type=""application/json"" id=""graph"">{&quot;repYear&quot;:[2009,2010,2011,2012,2013,2014,2015,2016,2017,2018,2019,2020,2021,2022,2023],&quot;emitAmount&quot;:[126898,119621,115297,115198,121343,108110,103908,106192,102301,121509,124059,129745,123009,124609,111782],&quot;la",/Users/shou/hobby/CPX/nikkei-stock/data/data_collection/processed/yfinance_gx_20251219_172854/2nd screening/_generated_envgraph_20251223_204017/raw_json/石油資源開発株式会社__985354701__rep1__gas1.json
川崎汽船株式会社,985134029,1,1,200,"<div>
              <script type=""application/json"" id=""graph"">{&quot;repYear&quot;:[2011,2012,2013,2014,2015,2016,2017,2018,2019,2020,2021,2022,2023],&quot;emitAmount&quot;:[1719,14419,12840,12052,12633,12920,12043,10966,11368,9923,10147,14603,10781],&quot;label&quot;:[&quot;2&quot;,&quot;14&quot;",/Users/shou/hobby/CPX/nikkei-stock/data/data_collection/processed/yfinance_gx_20251219_172854/2nd screening/_generated_envgraph_20251223_204017/raw_json/川崎汽船株式会社__985134029__rep1__gas1.json
日本郵船株式会社,985681705,1,1,200,"<div>
              <script type=""application/json"" id=""graph"">{&quot;repYear&quot;:[2009,2010,2011,2012,2013,2014,2015,2016,2017,2018,2019,2020,2021,2022,2023],&quot;emitAmount&quot;:[24922,24154,21771,23682,25152,24211,22989,21626,17409,15403,12747,12646,12388,11880,12130],&quot;label&quot;:[&quo",/Users/shou/hobby/CPX/nikkei-stock/data/data_collection/processed/yfinance_gx_20251219_172854/2nd screening/_generated_envgraph_20251223_204017/raw_json/日本郵船株式会社__985681705__rep1__gas1.json
株式会社商船三井,985091807,1,1,200,"<div>
              <script type=""application/json"" id=""graph"">{&quot;repYear&quot;:[2009,2010,2011,2012,2013,2014,2015,2016,2017,2018,2019,2020,2021,2022,2023],&quot;emitAmount&quot;:[8016,7146,7403,9244,9857,9795,9068,9470,9578,8664,7448,6985,7061,7049,7403],&quot;label&quot;:[&quot;8,016&quot;,&",/Users/shou/hobby/CPX/nikkei-stock/data/data_collection/processed/yfinance_gx_20251219_172854/2nd screening/_generated_envgraph_20251223_204017/raw_json/株式会社商船三井__985091807__rep1__gas1.json
日東電工株式会社,580064771,1,1,200,"<div>
              <script type=""application/json"" id=""graph"">{&quot;repYear&quot;:[2009,2010,2011,2012,2013,2014,2015,2016,2017,2018,2019,2020,2021,2022,2023],&quot;emitAmount&quot;:[306000,305000,308011,336475,368422,374945,385896,388989,390645,394825,377104,351382,349941,310781,305263],&quot;la",/Users/shou/hobby/CPX/nikkei-stock/data/data_collection/processed/yfinance_gx_20251219_172854/2nd screening/_generated_envgraph_20251223_204017/raw_json/日東電工株式会社__580064771__rep1__gas1.json
日産化学株式会社,985612501,1,1,200,"<div>
              <script type=""application/json"" id=""graph"">{&quot;repYear&quot;:[2009,2010,2011,2012,2013,2014,2015,2016,2017,2018,2019,2020,2021,2022,2023],&quot;emitAmount&quot;:[246665,230800,223216,248039,249974,236794,255400,245857,231998,230000,217900,202180,215890,180767,185730],&quot;la",/Users/shou/hobby/CPX/nikkei-stock/data/data_collection/processed/yfinance_gx_20251219_172854/2nd screening/_generated_envgraph_20251223_204017/raw_json/日産化学株式会社__985612501__rep1__gas1.json
株式会社西部技研,800162996,1,1,200,"<div>
              <script type=""application/json"" id=""graph"">{&quot;repYear&quot;:[2020,2021,2022,2023],&quot;emitAmount&quot;:[2782,3712,3945,4072],&quot;label&quot;:[&quot;2,782&quot;,&quot;3,712&quot;,&quot;3,945&quot;,&quot;4,072&quot;],&quot;unit&quot;:&quot;&quot;,&quot;gasName&quot;:&quot;",/Users/shou/hobby/CPX/nikkei-stock/data/data_collection/processed/yfinance_gx_20251219_172854/2nd screening/_generated_envgraph_20251223_204017/raw_json/株式会社西部技研__800162996__rep1__gas1.json
アズビル株式会社,985836308,1,1,200,"<div>
              <script type=""application/json"" id=""graph"">{&quot;repYear&quot;:[2009,2010,2011,2012,2013,2014,2015,2016,2017,2018,2019,2020,2021,2022,2023],&quot;emitAmount&quot;:[11683,11089,9446,12948,13395,12147,10796,11244,10638,10770,9840,8726,8959,10003,9986],&quot;label&quot;:[&quot;12&",/Users/shou/hobby/CPX/nikkei-stock/data/data_collection/processed/yfinance_gx_20251219_172854/2nd screening/_generated_envgraph_20251223_204017/raw_json/アズビル株式会社__985836308__rep1__gas1.json
シンフォニアテクノロジー株式会社,985331903,1,1,200,"<div>
              <script type=""application/json"" id=""graph"">{&quot;repYear&quot;:[2009,2010,2011,2012,2013,2014,2015,2016,2017,2018,2019,2020,2021,2022,2023],&quot;emitAmount&quot;:[13560,15430,14327,14291,13190,13145,12774,12464,13333,12978,11715,10523,10750,11624,10067],&quot;label&quot;:[&quo",/Users/shou/hobby/CPX/nikkei-stock/data/data_collection/processed/yfinance_gx_20251219_172854/2nd screening/_generated_envgraph_20251223_204017/raw_json/シンフォニアテクノロジー株式会社__985331903__rep1__gas1.json
日本特殊陶業株式会社,400108551,1,1,200,"<div>
              <script type=""application/json"" id=""graph"">{&quot;repYear&quot;:[2009,2010,2011,2012,2013,2014,2015,2016,2017,2018,2019,2020,2021,2022,2023],&quot;emitAmount&quot;:[148880,145921,142036,146485,154512,139972,120069,114994,103422,103542,94612,26896,25099,21718,19742],&quot;label&q",/Users/shou/hobby/CPX/nikkei-stock/data/data_collection/processed/yfinance_gx_20251219_172854/2nd screening/_generated_envgraph_20251223_204017/raw_json/日本特殊陶業株式会社__400108551__rep1__gas1.json
三浦工業株式会社,740054417,1,1,200,"<div>
              <script type=""application/json"" id=""graph"">{&quot;repYear&quot;:[2009,2010,2011,2012,2013,2014,2015,2016,2017,2018,2019,2020,2021,2022,2023],&quot;emitAmount&quot;:[11870,11526,10275,12726,15820,16088,15707,16577,13520,13551,13086,10755,12887,11353,9604],&quot;label&quot;:[&quot",/Users/shou/hobby/CPX/nikkei-stock/data/data_collection/processed/yfinance_gx_20251219_172854/2nd screening/_generated_envgraph_20251223_204017/raw_json/三浦工業株式会社__740054417__rep1__gas1.json
シライ電子工業株式会社,500107029,1,1,200,"<div>
              <script type=""application/json"" id=""graph"">{&quot;repYear&quot;:[2009,2010,2011,2012,2013,2014,2015,2016,2017,2018,2019,2020,2021,2022,2023],&quot;emitAmount&quot;:[9603,8431,8139,10202,11220,12825,12412,11512,11409,10166,8318,7343,8071,6844,7158],&quot;label&quot;:[&quot;10&quo",/Users/shou/hobby/CPX/nikkei-stock/data/data_collection/processed/yfinance_gx_20251219_172854/2nd screening/_generated_envgraph_20251223_204017/raw_json/シライ電子工業株式会社__500107029__rep1__gas1.json
株式会社村田製作所,500032213,1,1,200,"<div>
              <script type=""application/json"" id=""graph"">{&quot;repYear&quot;:[2009,2010,2011,2012,2013,2014,2015,2016,2017,2018,2019,2020,2021,2022,2023],&quot;emitAmount&quot;:[113000,113000,110876,128291,125117,125192,128132,127993,136926,143013,134343,140580,144110,134779,122608],&quot;la",/Users/shou/hobby/CPX/nikkei-stock/data/data_collection/processed/yfinance_gx_20251219_172854/2nd screening/_generated_envgraph_20251223_204017/raw_json/株式会社村田製作所__500032213__rep1__gas1.json
株式会社フジクラ,985741607,1,1,200,"<div>
              <script type=""application/json"" id=""graph"">{&quot;repYear&quot;:[2009,2010,2011,2012,2013,2014,2015,2016,2017,2018,2019,2020,2021,2022,2023],&quot;emitAmount&quot;:[86124,82742,82179,98426,99460,118705,113604,107226,109880,118041,97155,88536,88664,85304,82100],&quot;label&quot;:",/Users/shou/hobby/CPX/nikkei-stock/data/data_collection/processed/yfinance_gx_20251219_172854/2nd screening/_generated_envgraph_20251223_204017/raw_json/株式会社フジクラ__985741607__rep1__gas1.json
スズキ株式会社,430105873,1,1,200,"<div>
              <script type=""application/json"" id=""graph"">{&quot;repYear&quot;:[2009,2010,2011,2012,2013,2014,2015,2016,2017,2018,2019,2020,2021,2022,2023],&quot;emitAmount&quot;:[295490,325275,324558,348841,347145,355714,323777,338089,359795,340666,324603,298537,277692,308210,306894],&quot;la",/Users/shou/hobby/CPX/nikkei-stock/data/data_collection/processed/yfinance_gx_20251219_172854/2nd screening/_generated_envgraph_20251223_204017/raw_json/スズキ株式会社__430105873__rep1__gas1.json
日油株式会社,985681302,1,1,200,"<div>
              <script type=""application/json"" id=""graph"">{&quot;repYear&quot;:[2009,2010,2011,2012,2013,2014,2015,2016,2017,2018,2019,2020,2021,2022,2023],&quot;emitAmount&quot;:[136863,140235,135276,141259,145896,147401,147540,143623,139747,138269,134265,128772,132394,124275,120405],&quot;la",/Users/shou/hobby/CPX/nikkei-stock/data/data_collection/processed/yfinance_gx_20251219_172854/2nd screening/_generated_envgraph_20251223_204017/raw_json/日油株式会社__985681302__rep1__gas1.json
第一三共株式会社,988792136,1,1,200,"<div>
              <script type=""application/json"" id=""graph"">{&quot;repYear&quot;:[2009,2010,2011,2012,2013,2014,2015,2016,2017,2018,2019,2020,2021,2022,2023],&quot;emitAmount&quot;:[48460,49457,42854,45240,47827,44814,44293,41470,40189,39347,37125,33995,35125,24385,34425],&quot;label&quot;:[&quo",/Users/shou/hobby/CPX/nikkei-stock/data/data_collection/processed/yfinance_gx_20251219_172854/2nd screening/_generated_envgraph_20251223_204017/raw_json/第一三共株式会社__988792136__rep1__gas1.json
株式会社エフ・シー・シー,430018867,1,1,200,"<div>
              <script type=""application/json"" id=""graph"">{&quot;repYear&quot;:[2009,2010,2011,2012,2013,2014,2015,2016,2017,2018,2019,2020,2021,2022,2023],&quot;emitAmount&quot;:[19692,21711,20071,21192,20651,15206,17981,18162,17805,18063,15644,13647,14574,14720,13641],&quot;label&quot;:[&quo",/Users/shou/hobby/CPX/nikkei-stock/data/data_collection/processed/yfinance_gx_20251219_172854/2nd screening/_generated_envgraph_20251223_204017/raw_json/株式会社エフ_シー_シー__430018867__rep1__gas1.json
キオクシアホールディングス株式会社,118021424,1,1,200,"<div>
              <script type=""application/json"" id=""graph"">{&quot;repYear&quot;:[2017,2018,2019,2020,2021,2022,2023],&quot;emitAmount&quot;:[1278580,1622672,1702012,1783796,1910280,1521350,1497796],&quot;label&quot;:[&quot;1,279&quot;,&quot;1,623&quot;,&quot;1,702&quot;,&quot;1,784&quot;,&quot;",/Users/shou/hobby/CPX/nikkei-stock/data/data_collection/processed/yfinance_gx_20251219_172854/2nd screening/_generated_envgraph_20251223_204017/raw_json/キオクシアホールディングス株式会社__118021424__rep1__gas1.json
四国電力株式会社,710029011,1,1,200,"<div>
              <script type=""application/json"" id=""graph"">{&quot;repYear&quot;:[2009,2010,2011,2012,2013,2014,2015,2016,2017,2018,2019,2020,2021,2022,2023],&quot;emitAmount&quot;:[561000,535000,680000,707000,703000,707000,642000,637000,614000,565000,496112,533000,628000,503000,735078],&quot;la",/Users/shou/hobby/CPX/nikkei-stock/data/data_collection/processed/yfinance_gx_20251219_172854/2nd screening/_generated_envgraph_20251223_204017/raw_json/四国電力株式会社__710029011__rep1__gas1.json
北陸電力株式会社,370053821,1,1,200,"<div>
              <script type=""application/json"" id=""graph"">{&quot;repYear&quot;:[2009,2010,2011,2012,2013,2014,2015,2016,2017,2018,2019,2020,2021,2022,2023],&quot;emitAmount&quot;:[980000,984000,1250000,1310000,1260000,1280000,1266630,1290000,1230000,1080000,1077360,1020000,1100000,1060000,8360",/Users/shou/hobby/CPX/nikkei-stock/data/data_collection/processed/yfinance_gx_20251219_172854/2nd screening/_generated_envgraph_20251223_204017/raw_json/北陸電力株式会社__370053821__rep1__gas1.json
株式会社荏原製作所,985073809,1,1,200,"<div>
              <script type=""application/json"" id=""graph"">{&quot;repYear&quot;:[2009,2010,2011,2012,2013,2014,2015,2016,2017,2018,2019,2020,2021,2022,2023],&quot;emitAmount&quot;:[39307,40815,41216,46213,48649,49702,47127,49178,98502,42931,22744,32185,18137,20708,22009],&quot;label&quot;:[&quo",/Users/shou/hobby/CPX/nikkei-stock/data/data_collection/processed/yfinance_gx_20251219_172854/2nd screening/_generated_envgraph_20251223_204017/raw_json/株式会社荏原製作所__985073809__rep1__gas1.json
株式会社大阪ソーダ,580024346,1,1,200,"<div>
              <script type=""application/json"" id=""graph"">{&quot;repYear&quot;:[2009,2010,2011,2012,2013,2014,2015,2016,2017,2018,2019,2020,2021,2022,2023],&quot;emitAmount&quot;:[199000,219866,229526,254148,273128,273562,275351,287089,266895,255393,224438,430981,435635,438738,244229],&quot;la",/Users/shou/hobby/CPX/nikkei-stock/data/data_collection/processed/yfinance_gx_20251219_172854/2nd screening/_generated_envgraph_20251223_204017/raw_json/株式会社大阪ソーダ__580024346__rep1__gas1.json
株式会社島津製作所,500011492,1,1,200,"<div>
              <script type=""application/json"" id=""graph"">{&quot;repYear&quot;:[2009,2010,2011,2012,2013,2014,2015,2016,2017,2018,2019,2020,2021,2022,2023],&quot;emitAmount&quot;:[21454,20948,18751,24513,29265,30160,31346,31994,32997,29498,24561,23489,29154,30918,27325],&quot;label&quot;:[&quo",/Users/shou/hobby/CPX/nikkei-stock/data/data_collection/processed/yfinance_gx_20251219_172854/2nd screening/_generated_envgraph_20251223_204017/raw_json/株式会社島津製作所__500011492__rep1__gas1.json
ユニ・チャーム株式会社,710038762,1,1,200,"<div>
              <script type=""application/json"" id=""graph"">{&quot;repYear&quot;:[2011,2012,2013,2014,2015,2016,2017,2018,2019,2020,2021,2022,2023],&quot;emitAmount&quot;:[9374,12509,13924,14165,13971,13939,14600,15000,14300,13231,13393,12837,12106],&quot;label&quot;:[&quot;9&quot;,&quot;13&quot",/Users/shou/hobby/CPX/nikkei-stock/data/data_collection/processed/yfinance_gx_20251219_172854/2nd screening/_generated_envgraph_20251223_204017/raw_json/ユニ_チャーム株式会社__710038762__rep1__gas1.json
株式会社　上組,530011724,1,1,200,"<div>
              <script type=""application/json"" id=""graph"">{&quot;repYear&quot;:[2009,2010,2011,2012,2013,2014,2015,2016,2017,2018,2019,2020,2021,2022,2023],&quot;emitAmount&quot;:[64152,66597,69253,81753,86996,85946,88103,89220,88621,87630,79875,75851,77545,72257,79013],&quot;label&quot;:[&quo",/Users/shou/hobby/CPX/nikkei-stock/data/data_collection/processed/yfinance_gx_20251219_172854/2nd screening/_generated_envgraph_20251223_204017/raw_json/株式会社_上組__530011724__rep1__gas1.json
関西電力株式会社,580111183,1,1,200,"<div>
              <script type=""application/json"" id=""graph"">{&quot;repYear&quot;:[2009,2010,2011,2012,2013,2014,2015,2016,2017,2018,2019,2020,2021,2022,2023],&quot;emitAmount&quot;:[1030000,1197510,1700000,2050000,2140000,2020000,1950000,1760000,1470000,1030000,1020000,1150000,1235222,1092344,10",/Users/shou/hobby/CPX/nikkei-stock/data/data_collection/processed/yfinance_gx_20251219_172854/2nd screening/_generated_envgraph_20251223_204017/raw_json/関西電力株式会社__580111183__rep1__gas1.json
横河電機株式会社,985851108,1,1,200,"<div>
              <script type=""application/json"" id=""graph"">{&quot;repYear&quot;:[2009,2010,2011,2012,2013,2014,2015,2016,2017,2018,2019,2020,2021,2022,2023],&quot;emitAmount&quot;:[29700,27484,22841,25909,21576,19316,16178,13673,13081,12836,8671,7752,7807,7419,5903],&quot;label&quot;:[&quot;30&",/Users/shou/hobby/CPX/nikkei-stock/data/data_collection/processed/yfinance_gx_20251219_172854/2nd screening/_generated_envgraph_20251223_204017/raw_json/横河電機株式会社__985851108__rep1__gas1.json
住友林業株式会社,580028819,1,1,200,"<div>
              <script type=""application/json"" id=""graph"">{&quot;repYear&quot;:[2009,2010,2011,2012,2013,2014,2015,2016,2017,2018,2019,2020,2021,2022,2023],&quot;emitAmount&quot;:[13427,9809,8526,10566,11525,10179,9756,9650,9318,8453,7660,7730,7450,7340,7081],&quot;label&quot;:[&quot;13&quot;,",/Users/shou/hobby/CPX/nikkei-stock/data/data_collection/processed/yfinance_gx_20251219_172854/2nd screening/_generated_envgraph_20251223_204017/raw_json/住友林業株式会社__580028819__rep1__gas1.json
富士電機株式会社,985732902,1,1,200,"<div>
              <script type=""application/json"" id=""graph"">{&quot;repYear&quot;:[2011,2012,2013,2014,2015,2016,2017,2018,2019,2020,2021,2022,2023],&quot;emitAmount&quot;:[114240,140562,155876,151193,146156,145418,143987,144476,145661,146374,150971,159315,149571],&quot;label&quot;:[&quot;114&quo",/Users/shou/hobby/CPX/nikkei-stock/data/data_collection/processed/yfinance_gx_20251219_172854/2nd screening/_generated_envgraph_20251223_204017/raw_json/富士電機株式会社__985732902__rep1__gas1.json
高砂熱学工業株式会社,985405005,1,1,200,"<div>
              <script type=""application/json"" id=""graph"">{&quot;repYear&quot;:[2021,2022,2023],&quot;emitAmount&quot;:[3498,2921,3498],&quot;label&quot;:[&quot;3,498&quot;,&quot;2,921&quot;,&quot;3,498&quot;],&quot;unit&quot;:&quot;&quot;,&quot;gasName&quot;:&quot;エネルギー起源CO&lt;sub&gt;2&lt;/su",/Users/shou/hobby/CPX/nikkei-stock/data/data_collection/processed/yfinance_gx_20251219_172854/2nd screening/_generated_envgraph_20251223_204017/raw_json/高砂熱学工業株式会社__985405005__rep1__gas1.json
株式会社明電舎,985815308,1,1,200,"<div>
              <script type=""application/json"" id=""graph"">{&quot;repYear&quot;:[2009,2010,2011,2012,2013,2014,2015,2016,2017,2018,2019,2020,2021,2022,2023],&quot;emitAmount&quot;:[14100,13686,12634,16925,26017,25664,25935,24508,21840,22741,23054,22596,23623,24584,24847],&quot;label&quot;:[&quo",/Users/shou/hobby/CPX/nikkei-stock/data/data_collection/processed/yfinance_gx_20251219_172854/2nd screening/_generated_envgraph_20251223_204017/raw_json/株式会社明電舎__985815308__rep1__gas1.json
オーエスジー株式会社,440052174,1,1,200,"<div>
              <script type=""application/json"" id=""graph"">{&quot;repYear&quot;:[2009,2010,2011,2012,2013,2014,2015,2016,2017,2018,2019,2020,2021,2022,2023],&quot;emitAmount&quot;:[34646,50976,55283,56102,53959,55500,54425,54703,57266,57744,55346,45242,47341,54261,46937],&quot;label&quot;:[&quo",/Users/shou/hobby/CPX/nikkei-stock/data/data_collection/processed/yfinance_gx_20251219_172854/2nd screening/_generated_envgraph_20251223_204017/raw_json/オーエスジー株式会社__440052174__rep1__gas1.json
太平洋セメント株式会社,650003624,1,1,200,"<div>
              <script type=""application/json"" id=""graph"">{&quot;repYear&quot;:[2009,2010,2011,2012,2013,2014,2015,2016,2017,2018,2019,2020,2021,2022,2023],&quot;emitAmount&quot;:[5242926,4818115,4547603,5035951,5379004,5042153,4954395,4728867,4744240,4748211,4520654,4443058,4291279,3909161,36",/Users/shou/hobby/CPX/nikkei-stock/data/data_collection/processed/yfinance_gx_20251219_172854/2nd screening/_generated_envgraph_20251223_204017/raw_json/太平洋セメント株式会社__650003624__rep1__gas1.json
株式会社ダイセル,580005215,1,1,200,"<div>
              <script type=""application/json"" id=""graph"">{&quot;repYear&quot;:[2009,2010,2011,2012,2013,2014,2015,2016,2017,2018,2019,2020,2021,2022,2023],&quot;emitAmount&quot;:[1244205,1375021,1311504,1312666,1235112,1223035,1214602,1331663,1219231,1191226,1175334,1139760,1173727,1117039,10",/Users/shou/hobby/CPX/nikkei-stock/data/data_collection/processed/yfinance_gx_20251219_172854/2nd screening/_generated_envgraph_20251223_204017/raw_json/株式会社ダイセル__580005215__rep1__gas1.json
大東建託株式会社,400231841,1,1,200,"<div>
              <script type=""application/json"" id=""graph"">{&quot;repYear&quot;:[2009,2010,2011,2012,2013,2014,2015,2016,2017,2018,2019,2020,2021,2022,2023],&quot;emitAmount&quot;:[22018,22515,20601,21551,21784,21762,22300,19485,9325,5476,5256,3631,3594,9917,2900],&quot;label&quot;:[&quot;22&qu",/Users/shou/hobby/CPX/nikkei-stock/data/data_collection/processed/yfinance_gx_20251219_172854/2nd screening/_generated_envgraph_20251223_204017/raw_json/大東建託株式会社__400231841__rep1__gas1.json
電源開発株式会社,985452408,1,1,200,"<div>
              <script type=""application/json"" id=""graph"">{&quot;repYear&quot;:[2009,2010,2011,2012,2013,2014,2015,2016,2017,2018,2019,2020,2021,2022,2023],&quot;emitAmount&quot;:[2619608,2831583,3016286,2862424,2989790,2809443,2907326,2813109,2907948,2761667,2571754,2599694,2429380,2447811,21",/Users/shou/hobby/CPX/nikkei-stock/data/data_collection/processed/yfinance_gx_20251219_172854/2nd screening/_generated_envgraph_20251223_204017/raw_json/電源開発株式会社__985452408__rep1__gas1.json
株式会社トクヤマ,640006257,1,1,200,"<div>
              <script type=""application/json"" id=""graph"">{&quot;repYear&quot;:[2009,2010,2011,2012,2013,2014,2015,2016,2017,2018,2019,2020,2021,2022,2023],&quot;emitAmount&quot;:[4580000,4510000,4740000,4030000,4020000,4050000,4120000,4304090,4508903,4441866,4460652,4233222,4256499,4011600,38",/Users/shou/hobby/CPX/nikkei-stock/data/data_collection/processed/yfinance_gx_20251219_172854/2nd screening/_generated_envgraph_20251223_204017/raw_json/株式会社トクヤマ__640006257__rep1__gas1.json
東ソー株式会社,640351830,1,1,200,"<div>
              <script type=""application/json"" id=""graph"">{&quot;repYear&quot;:[2009,2010,2011,2012,2013,2014,2015,2016,2017,2018,2019,2020,2021,2022,2023],&quot;emitAmount&quot;:[6474540,6764053,5945940,5557177,5648921,6072998,6507112,6622074,6680889,6709203,6613001,6505908,6605537,6548731,62",/Users/shou/hobby/CPX/nikkei-stock/data/data_collection/processed/yfinance_gx_20251219_172854/2nd screening/_generated_envgraph_20251223_204017/raw_json/東ソー株式会社__640351830__rep1__gas1.json
積水化学工業株式会社,580038870,1,1,200,"<div>
              <script type=""application/json"" id=""graph"">{&quot;repYear&quot;:[2009,2010,2011,2012,2013,2014,2015,2016,2017,2018,2019,2020,2021,2022,2023],&quot;emitAmount&quot;:[146083,145670,138530,142221,166590,146770,139105,137920,138708,135533,116127,122829,128527,107918,110372],&quot;la",/Users/shou/hobby/CPX/nikkei-stock/data/data_collection/processed/yfinance_gx_20251219_172854/2nd screening/_generated_envgraph_20251223_204017/raw_json/積水化学工業株式会社__580038870__rep1__gas1.json
住友商事株式会社,580004067,1,1,200,"<div>
              <script type=""application/json"" id=""graph"">{&quot;repYear&quot;:[2009,2010,2011,2012,2013,2014,2015,2016,2017,2018,2019,2020,2021,2022,2023],&quot;emitAmount&quot;:[49220,51054,41037,44164,43728,52953,39853,38369,41535,39489,37084,33075,30801,34359,36587],&quot;label&quot;:[&quo",/Users/shou/hobby/CPX/nikkei-stock/data/data_collection/processed/yfinance_gx_20251219_172854/2nd screening/_generated_envgraph_20251223_204017/raw_json/住友商事株式会社__580004067__rep1__gas1.json
ノリタケ株式会社,400108462,1,1,200,"<div>
              <script type=""application/json"" id=""graph"">{&quot;repYear&quot;:[2009,2010,2011,2012,2013,2014,2015,2016,2017,2018,2019,2020,2021,2022,2023],&quot;emitAmount&quot;:[3889,16064,33582,34886,36052,34088,31836,31155,31803,31443,24996,22878,24486,23840,21625],&quot;label&quot;:[&quot",/Users/shou/hobby/CPX/nikkei-stock/data/data_collection/processed/yfinance_gx_20251219_172854/2nd screening/_generated_envgraph_20251223_204017/raw_json/ノリタケ株式会社__400108462__rep1__gas1.json
大日本印刷株式会社,985384406,1,1,200,"<div>
              <script type=""application/json"" id=""graph"">{&quot;repYear&quot;:[2009,2010,2011,2012,2013,2014,2015,2016,2017,2018,2019,2020,2021,2022,2023],&quot;emitAmount&quot;:[188191,174195,157772,161533,153448,128841,112888,98708,106891,97121,85939,81070,74911,71503,66987],&quot;label&quo",/Users/shou/hobby/CPX/nikkei-stock/data/data_collection/processed/yfinance_gx_20251219_172854/2nd screening/_generated_envgraph_20251223_204017/raw_json/大日本印刷株式会社__985384406__rep1__gas1.json
日本ゼオン株式会社,985660302,1,1,200,"<div>
              <script type=""application/json"" id=""graph"">{&quot;repYear&quot;:[2009,2010,2011,2012,2013,2014,2015,2016,2017,2018,2019,2020,2021,2022,2023],&quot;emitAmount&quot;:[540751,581341,564868,498838,568392,374923,433054,385348,521488,459778,505627,460181,533189,525983,662604],&quot;la",/Users/shou/hobby/CPX/nikkei-stock/data/data_collection/processed/yfinance_gx_20251219_172854/2nd screening/_generated_envgraph_20251223_204017/raw_json/日本ゼオン株式会社__985660302__rep1__gas1.json
北越コーポレーション株式会社,985753107,1,1,200,"<div>
              <script type=""application/json"" id=""graph"">{&quot;repYear&quot;:[2009,2010,2011,2012,2013,2014,2015,2016,2017,2018,2019,2020,2021,2022,2023],&quot;emitAmount&quot;:[602565,592244,751723,688527,752560,658338,626819,640485,675682,620613,624064,563078,599131,640127,637762],&quot;la",/Users/shou/hobby/CPX/nikkei-stock/data/data_collection/processed/yfinance_gx_20251219_172854/2nd screening/_generated_envgraph_20251223_204017/raw_json/北越コーポレーション株式会社__985753107__rep1__gas1.json
株式会社大林組,580000489,1,1,200,"<div>
              <script type=""application/json"" id=""graph"">{&quot;repYear&quot;:[2009,2010,2011,2012,2013,2014,2015,2016,2017,2018,2019,2020,2021,2022,2023],&quot;emitAmount&quot;:[19214,14526,11877,14384,13990,3.843,10460,11559,11246,10343,9282,2866,7882,3118,7397],&quot;label&quot;:[&quot;19&",/Users/shou/hobby/CPX/nikkei-stock/data/data_collection/processed/yfinance_gx_20251219_172854/2nd screening/_generated_envgraph_20251223_204017/raw_json/株式会社大林組__580000489__rep1__gas1.json
富士フイルムホールディングス株式会社,989496732,1,1,200,"<div>
              <script type=""application/json"" id=""graph"">{&quot;repYear&quot;:[2009,2010,2011,2012,2013,2014,2015,2016,2017,2018,2019,2020,2021,2022,2023],&quot;emitAmount&quot;:[566775,567813,544313,499473,452156,449415,427622,432800,378637,558090,518945,492037,506681,321000,304654],&quot;la",/Users/shou/hobby/CPX/nikkei-stock/data/data_collection/processed/yfinance_gx_20251219_172854/2nd screening/_generated_envgraph_20251223_204017/raw_json/富士フイルムホールディングス株式会社__989496732__rep1__gas1.json
株式会社デンソー,400108408,1,1,200,"<div>
              <script type=""application/json"" id=""graph"">{&quot;repYear&quot;:[2009,2010,2011,2012,2013,2014,2015,2016,2017,2018,2019,2020,2021,2022,2023],&quot;emitAmount&quot;:[762164,808444,808544,872844,896244,804863,823275,821522,820728,888828,861896,815298,783534,774620,725136],&quot;la",/Users/shou/hobby/CPX/nikkei-stock/data/data_collection/processed/yfinance_gx_20251219_172854/2nd screening/_generated_envgraph_20251223_204017/raw_json/株式会社デンソー__400108408__rep1__gas1.json
愛三工業株式会社,400001985,1,1,200,"<div>
              <script type=""application/json"" id=""graph"">{&quot;repYear&quot;:[2009,2010,2011,2012,2013,2014,2015,2016,2017,2018,2019,2020,2021,2022,2023],&quot;emitAmount&quot;:[43253,45236,44628,49133,48698,49944,44082,42754,41934,39920,38067,32253,30930,23165,28006],&quot;label&quot;:[&quo",/Users/shou/hobby/CPX/nikkei-stock/data/data_collection/processed/yfinance_gx_20251219_172854/2nd screening/_generated_envgraph_20251223_204017/raw_json/愛三工業株式会社__400001985__rep1__gas1.json
マブチモーター株式会社,260094087,1,1,200,"<div>
              <script type=""application/json"" id=""graph"">{&quot;repYear&quot;:[2009,2010,2011,2012,2013,2014,2015,2016,2017,2018,2019,2020,2021,2022,2023],&quot;emitAmount&quot;:[3715,3676,3176,3749,4397,4256,4185,4369,4305,4219,4257,3894,3932,4000,3878],&quot;label&quot;:[&quot;3,715&quot;,&",/Users/shou/hobby/CPX/nikkei-stock/data/data_collection/processed/yfinance_gx_20251219_172854/2nd screening/_generated_envgraph_20251223_204017/raw_json/マブチモーター株式会社__260094087__rep1__gas1.json
株式会社ダイフク,580014081,1,1,200,"<div>
              <script type=""application/json"" id=""graph"">{&quot;repYear&quot;:[2009,2010,2011,2012,2013,2014,2015,2016,2017,2018,2019,2020,2021,2022,2023],&quot;emitAmount&quot;:[14578,13952,13265,15384,15365,15396,14795,13538,13603,11685,9618,9229,10532,9060,10094],&quot;label&quot;:[&quot;1",/Users/shou/hobby/CPX/nikkei-stock/data/data_collection/processed/yfinance_gx_20251219_172854/2nd screening/_generated_envgraph_20251223_204017/raw_json/株式会社ダイフク__580014081__rep1__gas1.json
世紀東急工業株式会社,985351601,1,1,200,"<div>
              <script type=""application/json"" id=""graph"">{&quot;repYear&quot;:[2009,2010,2011,2012,2013,2014,2015,2016,2017,2018,2019,2020,2021,2022,2023],&quot;emitAmount&quot;:[64743,55868,44280,47105,48196,46175,41294,40605,44064,42348,44178,40659,40656,38564,40265],&quot;label&quot;:[&quo",/Users/shou/hobby/CPX/nikkei-stock/data/data_collection/processed/yfinance_gx_20251219_172854/2nd screening/_generated_envgraph_20251223_204017/raw_json/世紀東急工業株式会社__985351601__rep1__gas1.json
株式会社東海理化電機製作所,400090555,1,1,200,"<div>
              <script type=""application/json"" id=""graph"">{&quot;repYear&quot;:[2009,2010,2011,2012,2013,2014,2015,2016,2017,2018,2019,2020,2021,2022,2023],&quot;emitAmount&quot;:[52600,52300,49300,55400,57800,54900,53500,52235,52989,54151,53068,46862,44219,45726,45360],&quot;label&quot;:[&quo",/Users/shou/hobby/CPX/nikkei-stock/data/data_collection/processed/yfinance_gx_20251219_172854/2nd screening/_generated_envgraph_20251223_204017/raw_json/株式会社東海理化電機製作所__400090555__rep1__gas1.json
積水ハウス株式会社,580363860,1,1,200,"<div>
              <script type=""application/json"" id=""graph"">{&quot;repYear&quot;:[2009,2010,2011,2012,2013,2014,2015,2016,2017,2018,2019,2020,2021,2022,2023],&quot;emitAmount&quot;:[102415,88342,74169,93009,97785,107571,101720,99598,95737,85245,50951,62848,64839,61831,59671],&quot;label&quot;:[&",/Users/shou/hobby/CPX/nikkei-stock/data/data_collection/processed/yfinance_gx_20251219_172854/2nd screening/_generated_envgraph_20251223_204017/raw_json/積水ハウス株式会社__580363860__rep1__gas1.json
ダイキン工業株式会社,580002410,1,1,200,"<div>
              <script type=""application/json"" id=""graph"">{&quot;repYear&quot;:[2009,2010,2011,2012,2013,2014,2015,2016,2017,2018,2019,2020,2021,2022,2023],&quot;emitAmount&quot;:[149000,159000,162000,167000,175648,176508,179516,182720,180571,177354,167270,155588,167256,163661,152707],&quot;la",/Users/shou/hobby/CPX/nikkei-stock/data/data_collection/processed/yfinance_gx_20251219_172854/2nd screening/_generated_envgraph_20251223_204017/raw_json/ダイキン工業株式会社__580002410__rep1__gas1.json
大成建設株式会社,985376100,1,1,200,"<div>
              <script type=""application/json"" id=""graph"">{&quot;repYear&quot;:[2009,2010,2011,2012,2013,2014,2015,2016,2017,2018,2019,2020,2021,2022,2023],&quot;emitAmount&quot;:[16267,14589,14636,18716,19291,17700,15670,14000,12600,11600,11293,10757,10200,10200,9967],&quot;label&quot;:[&quot",/Users/shou/hobby/CPX/nikkei-stock/data/data_collection/processed/yfinance_gx_20251219_172854/2nd screening/_generated_envgraph_20251223_204017/raw_json/大成建設株式会社__985376100__rep1__gas1.json
東北電力株式会社,100034834,1,1,200,"<div>
              <script type=""application/json"" id=""graph"">{&quot;repYear&quot;:[2009,2010,2011,2012,2013,2014,2015,2016,2017,2018,2019,2020,2021,2022,2023],&quot;emitAmount&quot;:[1490000,1420000,1210000,1450000,1890000,1710000,1720000,1610000,1700000,1640000,1583958,1607707,1669526,1619590,15",/Users/shou/hobby/CPX/nikkei-stock/data/data_collection/processed/yfinance_gx_20251219_172854/2nd screening/_generated_envgraph_20251223_204017/raw_json/東北電力株式会社__100034834__rep1__gas1.json
旭化成株式会社,580004915,1,1,200,"<div>
              <script type=""application/json"" id=""graph"">{&quot;repYear&quot;:[2009,2010,2011,2012,2013,2014,2015,2016,2017,2018,2019,2020,2021,2022,2023],&quot;emitAmount&quot;:[8988,8591,7358,8577,9786,9985,9603,1552336,1552438,1548318,1486420,1411271,1666850,1432106,1626311],&quot;label&qu",/Users/shou/hobby/CPX/nikkei-stock/data/data_collection/processed/yfinance_gx_20251219_172854/2nd screening/_generated_envgraph_20251223_204017/raw_json/旭化成株式会社__580004915__rep1__gas1.json
住友ベークライト株式会社,985347402,1,1,200,"<div>
              <script type=""application/json"" id=""graph"">{&quot;repYear&quot;:[2009,2010,2011,2012,2013,2014,2015,2016,2017,2018,2019,2020,2021,2022,2023],&quot;emitAmount&quot;:[84469,84035,75995,81541,81471,79822,76989,70764,66915,66124,60706,60368,63939,59039,52834],&quot;label&quot;:[&quo",/Users/shou/hobby/CPX/nikkei-stock/data/data_collection/processed/yfinance_gx_20251219_172854/2nd screening/_generated_envgraph_20251223_204017/raw_json/住友ベークライト株式会社__985347402__rep1__gas1.json
西日本旅客鉄道株式会社,581100003,1,1,200,"<div>
              <script type=""application/json"" id=""graph"">{&quot;repYear&quot;:[2009,2010,2011,2012,2013,2014,2015,2016,2017,2018,2019,2020,2021,2022,2023],&quot;emitAmount&quot;:[11921,11498,11585,11728,13727,13623,13493,9564,10260,9569,8449,8181,8009,8576,9041],&quot;label&quot;:[&quot;12&qu",/Users/shou/hobby/CPX/nikkei-stock/data/data_collection/processed/yfinance_gx_20251219_172854/2nd screening/_generated_envgraph_20251223_204017/raw_json/西日本旅客鉄道株式会社__581100003__rep1__gas1.json
東亞合成株式会社,985462709,1,1,200,"<div>
              <script type=""application/json"" id=""graph"">{&quot;repYear&quot;:[2009,2010,2011,2012,2013,2014,2015,2016,2017,2018,2019,2020,2021,2022,2023],&quot;emitAmount&quot;:[280462,269759,230719,274402,398025,380989,349876,349270,330246,315063,310139,285063,337528,337535,275158],&quot;la",/Users/shou/hobby/CPX/nikkei-stock/data/data_collection/processed/yfinance_gx_20251219_172854/2nd screening/_generated_envgraph_20251223_204017/raw_json/東亞合成株式会社__985462709__rep1__gas1.json
株式会社アマダ,200106551,1,1,200,"<div>
              <script type=""application/json"" id=""graph"">{&quot;repYear&quot;:[2009,2010,2011,2012,2013,2014,2015,2016,2017,2018,2019,2020,2021,2022,2023],&quot;emitAmount&quot;:[17300,19800,19610,23249,27040,27047,5.409,5.409,5.409,5.409,5.409,14331,16695,18483,17353],&quot;label&quot;:[&quo",/Users/shou/hobby/CPX/nikkei-stock/data/data_collection/processed/yfinance_gx_20251219_172854/2nd screening/_generated_envgraph_20251223_204017/raw_json/株式会社アマダ__200106551__rep1__gas1.json
トヨタ自動車株式会社,400087148,1,1,200,"<div>
              <script type=""application/json"" id=""graph"">{&quot;repYear&quot;:[2009,2010,2011,2012,2013,2014,2015,2016,2017,2018,2019,2020,2021,2022,2023],&quot;emitAmount&quot;:[1520000,1510000,1477482,1558927,1618578,1596649,1512946,1503636,1480314,1432364,1328653,1179416,1071639,1073785,10",/Users/shou/hobby/CPX/nikkei-stock/data/data_collection/processed/yfinance_gx_20251219_172854/2nd screening/_generated_envgraph_20251223_204017/raw_json/トヨタ自動車株式会社__400087148__rep1__gas1.json
三井不動産株式会社,985786707,1,1,200,"<div>
              <script type=""application/json"" id=""graph"">{&quot;repYear&quot;:[2009,2010,2011,2012,2013,2014,2015,2016,2017,2018,2019,2020,2021,2022,2023],&quot;emitAmount&quot;:[413897,392610,340106,393531,448929,469200,486532,502293,501564,508554,497409,468157,528022,540365,551803],&quot;la",/Users/shou/hobby/CPX/nikkei-stock/data/data_collection/processed/yfinance_gx_20251219_172854/2nd screening/_generated_envgraph_20251223_204017/raw_json/三井不動産株式会社__985786707__rep1__gas1.json
三菱電機株式会社,985795009,1,1,200,"<div>
              <script type=""application/json"" id=""graph"">{&quot;repYear&quot;:[2009,2010,2011,2012,2013,2014,2015,2016,2017,2018,2019,2020,2021,2022,2023],&quot;emitAmount&quot;:[467651,477238,469383,569753,652893,661395,640232,610878,598538,545636,447324,422644,433521,402782,432520],&quot;la",/Users/shou/hobby/CPX/nikkei-stock/data/data_collection/processed/yfinance_gx_20251219_172854/2nd screening/_generated_envgraph_20251223_204017/raw_json/三菱電機株式会社__985795009__rep1__gas1.json
日本冶金工業株式会社,985681204,1,1,200,"<div>
              <script type=""application/json"" id=""graph"">{&quot;repYear&quot;:[2010,2011,2012,2013,2014,2015,2016,2017,2018,2019,2020,2021,2022,2023],&quot;emitAmount&quot;:[504410,422294,447582,501343,461624,433869,422520,420535,410094,367498,292542,327421,316664,255633],&quot;label&quot;:[&",/Users/shou/hobby/CPX/nikkei-stock/data/data_collection/processed/yfinance_gx_20251219_172854/2nd screening/_generated_envgraph_20251223_204017/raw_json/日本冶金工業株式会社__985681204__rep1__gas1.json
九州旅客鉄道株式会社,800351401,1,1,200,"<div>
              <script type=""application/json"" id=""graph"">{&quot;repYear&quot;:[2009,2010,2011,2012,2013,2014,2015,2016,2017,2018,2019,2020,2021,2022,2023],&quot;emitAmount&quot;:[6010,6381,7115,9514,10523,8512,8019,9123,8826,8962,7457,5707,6932,5452,7261],&quot;label&quot;:[&quot;6&quot;,&quo",/Users/shou/hobby/CPX/nikkei-stock/data/data_collection/processed/yfinance_gx_20251219_172854/2nd screening/_generated_envgraph_20251223_204017/raw_json/九州旅客鉄道株式会社__800351401__rep1__gas1.json
大和ハウス工業株式会社,580123424,1,1,200,"<div>
              <script type=""application/json"" id=""graph"">{&quot;repYear&quot;:[2009,2010,2011,2012,2013,2014,2015,2016,2017,2018,2019,2020,2021,2022,2023],&quot;emitAmount&quot;:[74586,59016,55137,62503,73708,77106,76710,78169,76476,76608,76866,66038,68862,73212,72203],&quot;label&quot;:[&quo",/Users/shou/hobby/CPX/nikkei-stock/data/data_collection/processed/yfinance_gx_20251219_172854/2nd screening/_generated_envgraph_20251223_204017/raw_json/大和ハウス工業株式会社__580123424__rep1__gas1.json
ライオン株式会社,985855107,1,1,200,"<div>
              <script type=""application/json"" id=""graph"">{&quot;repYear&quot;:[2009,2010,2011,2012,2013,2014,2015,2016,2017,2018,2019,2020,2021,2022,2023],&quot;emitAmount&quot;:[53300,49100,44262,42791,47232,40350,36881,35639,32860,32473,31241,30775,31451,28649,28458],&quot;label&quot;:[&quo",/Users/shou/hobby/CPX/nikkei-stock/data/data_collection/processed/yfinance_gx_20251219_172854/2nd screening/_generated_envgraph_20251223_204017/raw_json/ライオン株式会社__985855107__rep1__gas1.json
株式会社ブリヂストン,985721702,1,1,200,"<div>
              <script type=""application/json"" id=""graph"">{&quot;repYear&quot;:[2009,2010,2011,2012,2013,2014,2015,2016,2017,2018,2019,2020,2021,2022,2023],&quot;emitAmount&quot;:[870464,964229,963293,959996,1002041,929576,861541,797213,780744,775335,691797,604784,691831,641302,665788],&quot;l",/Users/shou/hobby/CPX/nikkei-stock/data/data_collection/processed/yfinance_gx_20251219_172854/2nd screening/_generated_envgraph_20251223_204017/raw_json/株式会社ブリヂストン__985721702__rep1__gas1.json
小野薬品工業株式会社,580001842,1,1,200,"<div>
              <script type=""application/json"" id=""graph"">{&quot;repYear&quot;:[2009,2010,2011,2012,2013,2014,2015,2016,2017,2018,2019,2020,2021,2022,2023],&quot;emitAmount&quot;:[33100,22128,24085,29421,29302,29301,29361,30378,30185,29901,30621,30079,28095,22204,22935],&quot;label&quot;:[&quo",/Users/shou/hobby/CPX/nikkei-stock/data/data_collection/processed/yfinance_gx_20251219_172854/2nd screening/_generated_envgraph_20251223_204017/raw_json/小野薬品工業株式会社__580001842__rep1__gas1.json
サカタインクス株式会社,580021818,1,1,200,"<div>
              <script type=""application/json"" id=""graph"">{&quot;repYear&quot;:[2009,2010,2011,2012,2013,2014,2015,2016,2017,2018,2019,2020,2021,2022,2023],&quot;emitAmount&quot;:[11252,10378,9916,11603,13132,13194,13249,13824,14092,13735,11888,10278,10721,8781,8558],&quot;label&quot;:[&quot;1",/Users/shou/hobby/CPX/nikkei-stock/data/data_collection/processed/yfinance_gx_20251219_172854/2nd screening/_generated_envgraph_20251223_204017/raw_json/サカタインクス株式会社__580021818__rep1__gas1.json
丸紅株式会社,985780104,1,1,200,"<div>
              <script type=""application/json"" id=""graph"">{&quot;repYear&quot;:[2009,2010,2011,2012,2013,2014,2015,2016,2017,2018,2019,2020,2021,2022,2023],&quot;emitAmount&quot;:[24227,20747,17210,16749,17471,15436,13480,4.845,7563,7508,7096,5026,7179,8582,8027],&quot;label&quot;:[&quot;24&qu",/Users/shou/hobby/CPX/nikkei-stock/data/data_collection/processed/yfinance_gx_20251219_172854/2nd screening/_generated_envgraph_20251223_204017/raw_json/丸紅株式会社__985780104__rep1__gas1.json
南海電気鉄道株式会社,580016326,1,1,200,"<div>
              <script type=""application/json"" id=""graph"">{&quot;repYear&quot;:[2009,2010,2011,2012,2013,2014,2015,2016,2017,2018,2019,2020,2021,2022,2023],&quot;emitAmount&quot;:[6980,21777,40667,47091,51353,51031,52089,51744,49753,41150,37249,34124,37091,35050,37500],&quot;label&quot;:[&quot",/Users/shou/hobby/CPX/nikkei-stock/data/data_collection/processed/yfinance_gx_20251219_172854/2nd screening/_generated_envgraph_20251223_204017/raw_json/南海電気鉄道株式会社__580016326__rep1__gas1.json
合同製鐵株式会社,580002803,1,1,200,"<div>
              <script type=""application/json"" id=""graph"">{&quot;repYear&quot;:[2009,2010,2011,2012,2013,2014,2015,2016,2017,2018,2019,2020,2021,2022,2023],&quot;emitAmount&quot;:[284812,353697,364614,430360,479418,447419,404835,381151,442757,410009,332116,303815,395509,342118,325311],&quot;la",/Users/shou/hobby/CPX/nikkei-stock/data/data_collection/processed/yfinance_gx_20251219_172854/2nd screening/_generated_envgraph_20251223_204017/raw_json/合同製鐵株式会社__580002803__rep1__gas1.json
堺化学工業株式会社,570009570,1,1,200,"<div>
              <script type=""application/json"" id=""graph"">{&quot;repYear&quot;:[2009,2010,2011,2012,2013,2014,2015,2016,2017,2018,2019,2020,2021,2022,2023],&quot;emitAmount&quot;:[200000,203650,166569,159077,159119,162693,161085,143956,147771,146929,136754,120362,135788,119903,102734],&quot;la",/Users/shou/hobby/CPX/nikkei-stock/data/data_collection/processed/yfinance_gx_20251219_172854/2nd screening/_generated_envgraph_20251223_204017/raw_json/堺化学工業株式会社__570009570__rep1__gas1.json
株式会社ダイヘン,580004129,1,1,200,"<div>
              <script type=""application/json"" id=""graph"">{&quot;repYear&quot;:[2009,2010,2011,2012,2013,2014,2015,2016,2017,2018,2019,2020,2021,2022,2023],&quot;emitAmount&quot;:[10082,9989,8880,11080,11890,12882,13197,10570,11460,10402,9727,9349,9586,8826,9495],&quot;label&quot;:[&quot;10&qu",/Users/shou/hobby/CPX/nikkei-stock/data/data_collection/processed/yfinance_gx_20251219_172854/2nd screening/_generated_envgraph_20251223_204017/raw_json/株式会社ダイヘン__580004129__rep1__gas1.json
東急株式会社,985475903,1,1,200,"<div>
              <script type=""application/json"" id=""graph"">{&quot;repYear&quot;:[2009,2010,2011,2012,2013,2014,2015,2016,2017,2018,2019,2020,2021,2022,2023],&quot;emitAmount&quot;:[69325,74165,81112,100836,101604,97987,93658,90487,31088,26973,27732,26967,28493,28074,33931],&quot;label&quot;:[&q",/Users/shou/hobby/CPX/nikkei-stock/data/data_collection/processed/yfinance_gx_20251219_172854/2nd screening/_generated_envgraph_20251223_204017/raw_json/東急株式会社__985475903__rep1__gas1.json
株式会社大阪チタニウムテクノロジーズ,250294997,1,1,200,"<div>
              <script type=""application/json"" id=""graph"">{&quot;repYear&quot;:[2009,2010,2011,2012,2013,2014,2015,2016,2017,2018,2019,2020,2021,2022,2023],&quot;emitAmount&quot;:[206829,213082,442984,562870,408717,354258,455699,484926,450912,336630,215772,143511,129272,154627,197886],&quot;la",/Users/shou/hobby/CPX/nikkei-stock/data/data_collection/processed/yfinance_gx_20251219_172854/2nd screening/_generated_envgraph_20251223_204017/raw_json/株式会社大阪チタニウムテクノロジーズ__250294997__rep1__gas1.json
日立建機株式会社,985710807,1,1,200,"<div>
              <script type=""application/json"" id=""graph"">{&quot;repYear&quot;:[2009,2010,2011,2012,2013,2014,2015,2016,2017,2018,2019,2020,2021,2022,2023],&quot;emitAmount&quot;:[49271,69684,74836,75309,87313,81051,64711,54049,64793,65075,66860,57222,64162,71243,68723],&quot;label&quot;:[&quo",/Users/shou/hobby/CPX/nikkei-stock/data/data_collection/processed/yfinance_gx_20251219_172854/2nd screening/_generated_envgraph_20251223_204017/raw_json/日立建機株式会社__985710807__rep1__gas1.json
住友電気工業株式会社,580002241,1,1,200,"<div>
              <script type=""application/json"" id=""graph"">{&quot;repYear&quot;:[2009,2010,2011,2012,2013,2014,2015,2016,2017,2018,2019,2020,2021,2022,2023],&quot;emitAmount&quot;:[149508,149005,133480,164301,175044,169759,163361,162263,158615,142741,123957,120681,128969,128406,139017],&quot;la",/Users/shou/hobby/CPX/nikkei-stock/data/data_collection/processed/yfinance_gx_20251219_172854/2nd screening/_generated_envgraph_20251223_204017/raw_json/住友電気工業株式会社__580002241__rep1__gas1.json
株式会社日本触媒,580003239,1,1,200,"<div>
              <script type=""application/json"" id=""graph"">{&quot;repYear&quot;:[2009,2010,2011,2012,2013,2014,2015,2016,2017,2018,2019,2020,2021,2022,2023],&quot;emitAmount&quot;:[325143,318830,323953,318406,343759,381817,394821,393090,388396,383134,359715,371955,346259,348601,354013],&quot;la",/Users/shou/hobby/CPX/nikkei-stock/data/data_collection/processed/yfinance_gx_20251219_172854/2nd screening/_generated_envgraph_20251223_204017/raw_json/株式会社日本触媒__580003239__rep1__gas1.json
エア・ウォーター株式会社,10127282,1,1,417,"<!DOCTYPE html>
<html lang=""ja"">
<head>
  <meta charset=""UTF-8"">
  <meta name=""viewport"" content=""width=device-width, initial-scale=1"">
  <title>温室効果ガス排出量算定・報告・公表制度 フロン類算定漏えい量報告・公表制度ウェブサイト - エラー</title>
  <link rel=""icon"" href=""data:,""> 
  <link rel=""stylesheet"" href=""/ghg-santeikohyo-result/",/Users/shou/hobby/CPX/nikkei-stock/data/data_collection/processed/yfinance_gx_20251219_172854/2nd screening/_generated_envgraph_20251223_204017/raw_json/エア_ウォーター株式会社__10127282__rep1__gas1.json
伊藤忠商事株式会社,985036501,1,1,200,"<div>
              <script type=""application/json"" id=""graph"">{&quot;repYear&quot;:[2009,2010,2011,2012,2013,2014,2015,2016,2017,2018,2019,2020,2021,2022,2023],&quot;emitAmount&quot;:[9882,9505,7701,8463,8193,7920,7400,7562,7204,6911,6656,6197,5996,6054,5894],&quot;label&quot;:[&quot;9,882&quot;,&",/Users/shou/hobby/CPX/nikkei-stock/data/data_collection/processed/yfinance_gx_20251219_172854/2nd screening/_generated_envgraph_20251223_204017/raw_json/伊藤忠商事株式会社__985036501__rep1__gas1.json
株式会社日立製作所,985711303,1,1,200,"<div>
              <script type=""application/json"" id=""graph"">{&quot;repYear&quot;:[2009,2010,2011,2012,2013,2014,2015,2016,2017,2018,2019,2020,2021,2022,2023],&quot;emitAmount&quot;:[341000,327000,313000,383000,404000,323000,293523,292074,274045,263953,221160,190219,180767,179757,165099],&quot;la",/Users/shou/hobby/CPX/nikkei-stock/data/data_collection/processed/yfinance_gx_20251219_172854/2nd screening/_generated_envgraph_20251223_204017/raw_json/株式会社日立製作所__985711303__rep1__gas1.json
株式会社神戸製鋼所,530000266,1,1,200,"<div>
              <script type=""application/json"" id=""graph"">{&quot;repYear&quot;:[2009,2010,2011,2012,2013,2014,2015,2016,2017,2018,2019,2020,2021,2022,2023],&quot;emitAmount&quot;:[15219590,16565670,16100000,15800000,16900000,16900000,16500000,15989760,16376089,15083379,14298429,13382228,141432",/Users/shou/hobby/CPX/nikkei-stock/data/data_collection/processed/yfinance_gx_20251219_172854/2nd screening/_generated_envgraph_20251223_204017/raw_json/株式会社神戸製鋼所__530000266__rep1__gas1.json
三井物産株式会社,985786805,1,1,200,"<div>
              <script type=""application/json"" id=""graph"">{&quot;repYear&quot;:[2009,2010,2011,2012,2013,2014,2015,2016,2017,2018,2019,2020,2021,2022,2023],&quot;emitAmount&quot;:[24922,20883,17500,17224,18905,16093,11465,11263,10625,9951,9032,6154,9617,9370,8618],&quot;label&quot;:[&quot;25&q",/Users/shou/hobby/CPX/nikkei-stock/data/data_collection/processed/yfinance_gx_20251219_172854/2nd screening/_generated_envgraph_20251223_204017/raw_json/三井物産株式会社__985786805__rep1__gas1.json
明治ホールディングス株式会社,985814507,1,1,200,"<div>
              <script type=""application/json"" id=""graph"">{&quot;repYear&quot;:[2009,2010,2011,2012,2013,2014,2015,2016,2017,2018,2019,2020,2021,2022,2023],&quot;emitAmount&quot;:[306712,290396,324978,349660,372851,375803,372594,363205,352363,341089,326432,314791,305488,299621,282323],&quot;la",/Users/shou/hobby/CPX/nikkei-stock/data/data_collection/processed/yfinance_gx_20251219_172854/2nd screening/_generated_envgraph_20251223_204017/raw_json/明治ホールディングス株式会社__985814507__rep1__gas1.json
株式会社イトーキ,580191442,1,1,200,"<div>
              <script type=""application/json"" id=""graph"">{&quot;repYear&quot;:[2009,2010,2011,2012,2013,2014,2015,2016,2017,2018,2019,2020,2021,2022,2023],&quot;emitAmount&quot;:[13300,12279,9980,13378,14350,13891,13874,13281,12674,11875,11619,9961,9314,7494,7115],&quot;label&quot;:[&quot;13&",/Users/shou/hobby/CPX/nikkei-stock/data/data_collection/processed/yfinance_gx_20251219_172854/2nd screening/_generated_envgraph_20251223_204017/raw_json/株式会社イトーキ__580191442__rep1__gas1.json
株式会社ＩＨＩ,985043309,1,1,200,"<div>
              <script type=""application/json"" id=""graph"">{&quot;repYear&quot;:[2009,2010,2011,2012,2013,2014,2015,2016,2017,2018,2019,2020,2021,2022,2023],&quot;emitAmount&quot;:[117774,108521,119554,127395,137588,142215,142209,138557,140261,133311,123908,107750,109976,107098,104681],&quot;la",/Users/shou/hobby/CPX/nikkei-stock/data/data_collection/processed/yfinance_gx_20251219_172854/2nd screening/_generated_envgraph_20251223_204017/raw_json/株式会社ＩＨＩ__985043309__rep1__gas1.json
住友精化株式会社,580349898,1,1,200,"<div>
              <script type=""application/json"" id=""graph"">{&quot;repYear&quot;:[2009,2010,2011,2012,2013,2014,2015,2016,2017,2018,2019,2020,2021,2022,2023],&quot;emitAmount&quot;:[108000,117000,120430,133445,161271,159023,172577,192523,192857,184145,153725,151861,152700,154816,144977],&quot;la",/Users/shou/hobby/CPX/nikkei-stock/data/data_collection/processed/yfinance_gx_20251219_172854/2nd screening/_generated_envgraph_20251223_204017/raw_json/住友精化株式会社__580349898__rep1__gas1.json
岩谷産業株式会社,580045257,1,1,200,"<div>
              <script type=""application/json"" id=""graph"">{&quot;repYear&quot;:[2013,2014,2015,2016,2017,2018,2019,2020,2021,2022,2023],&quot;emitAmount&quot;:[3360,3235,3040,2942,0.672,0.672,0.672,0.672,0.672,0.672,0.672],&quot;label&quot;:[&quot;3,360&quot;,&quot;3,235&quot;,&quot;3,040&quot",/Users/shou/hobby/CPX/nikkei-stock/data/data_collection/processed/yfinance_gx_20251219_172854/2nd screening/_generated_envgraph_20251223_204017/raw_json/岩谷産業株式会社__580045257__rep1__gas1.json
東急不動産ホールディングス株式会社,985471403,1,1,200,"<div>
              <script type=""application/json"" id=""graph"">{&quot;repYear&quot;:[2009,2010,2011,2012,2013,2014,2015,2016,2017,2018,2019,2020,2021,2022,2023],&quot;emitAmount&quot;:[57279,59294,54821,66336,71512,77342,69173,72743,72941,69086,68000,68034,71940,70368,68552],&quot;label&quot;:[&quo",/Users/shou/hobby/CPX/nikkei-stock/data/data_collection/processed/yfinance_gx_20251219_172854/2nd screening/_generated_envgraph_20251223_204017/raw_json/東急不動産ホールディングス株式会社__985471403__rep1__gas1.json
株式会社クラレ,580006061,1,1,200,"<div>
              <script type=""application/json"" id=""graph"">{&quot;repYear&quot;:[2009,2010,2011,2012,2013,2014,2015,2016,2017,2018,2019,2020,2021,2022,2023],&quot;emitAmount&quot;:[1047340,1062650,1063997,1018363,1053507,1063672,1080345,1104275,1140649,1112154,1117570,1029355,1154270,1026623,10",/Users/shou/hobby/CPX/nikkei-stock/data/data_collection/processed/yfinance_gx_20251219_172854/2nd screening/_generated_envgraph_20251223_204017/raw_json/株式会社クラレ__580006061__rep1__gas1.json
株式会社クボタ,580010082,1,1,200,"<div>
              <script type=""application/json"" id=""graph"">{&quot;repYear&quot;:[2009,2010,2011,2012,2013,2014,2015,2016,2017,2018,2019,2020,2021,2022,2023],&quot;emitAmount&quot;:[340882,303901,285219,336954,364311,387603,366360,335692,325358,315917,311613,296713,312343,279251,282851],&quot;la",/Users/shou/hobby/CPX/nikkei-stock/data/data_collection/processed/yfinance_gx_20251219_172854/2nd screening/_generated_envgraph_20251223_204017/raw_json/株式会社クボタ__580010082__rep1__gas1.json
株式会社豊田自動織機,400095060,1,1,200,"<div>
              <script type=""application/json"" id=""graph"">{&quot;repYear&quot;:[2009,2010,2011,2012,2013,2014,2015,2016,2017,2018,2019,2020,2021,2022,2023],&quot;emitAmount&quot;:[267234,325596,320612,330431,335228,317643,295659,299531,311683,318408,312664,296479,313091,343018,338346],&quot;la",/Users/shou/hobby/CPX/nikkei-stock/data/data_collection/processed/yfinance_gx_20251219_172854/2nd screening/_generated_envgraph_20251223_204017/raw_json/株式会社豊田自動織機__400095060__rep1__gas1.json
三菱重工業株式会社,985794306,1,1,200,"<div>
              <script type=""application/json"" id=""graph"">{&quot;repYear&quot;:[2009,2010,2011,2012,2013,2014,2015,2016,2017,2018,2019,2020,2021,2022,2023],&quot;emitAmount&quot;:[512705,510255,510371,565881,557407,430446,396325,385472,350099,324081,284553,237115,319826,293417,294218],&quot;la",/Users/shou/hobby/CPX/nikkei-stock/data/data_collection/processed/yfinance_gx_20251219_172854/2nd screening/_generated_envgraph_20251223_204017/raw_json/三菱重工業株式会社__985794306__rep1__gas1.json
静岡ガス株式会社,420015816,1,1,200,"<div>
              <script type=""application/json"" id=""graph"">{&quot;repYear&quot;:[2009,2010,2011,2012,2013,2014,2015,2016,2017,2018,2019,2020,2021,2022,2023],&quot;emitAmount&quot;:[3666,4052,3823,3749,3950,3439,3556,3404,3103,2838,3172,3223,3181,2846,2669],&quot;label&quot;:[&quot;3,666&quot;,&",/Users/shou/hobby/CPX/nikkei-stock/data/data_collection/processed/yfinance_gx_20251219_172854/2nd screening/_generated_envgraph_20251223_204017/raw_json/静岡ガス株式会社__420015816__rep1__gas1.json
阪和興業株式会社,580042649,1,1,417,"<!DOCTYPE html>
<html lang=""ja"">
<head>
  <meta charset=""UTF-8"">
  <meta name=""viewport"" content=""width=device-width, initial-scale=1"">
  <title>温室効果ガス排出量算定・報告・公表制度 フロン類算定漏えい量報告・公表制度ウェブサイト - エラー</title>
  <link rel=""icon"" href=""data:,""> 
  <link rel=""stylesheet"" href=""/ghg-santeikohyo-result/",/Users/shou/hobby/CPX/nikkei-stock/data/data_collection/processed/yfinance_gx_20251219_172854/2nd screening/_generated_envgraph_20251223_204017/raw_json/阪和興業株式会社__580042649__rep1__gas1.json
古河電気工業株式会社,985744304,1,1,200,"<div>
              <script type=""application/json"" id=""graph"">{&quot;repYear&quot;:[2009,2010,2011,2012,2013,2014,2015,2016,2017,2018,2019,2020,2021,2022,2023],&quot;emitAmount&quot;:[289131,279296,275444,285137,283945,251799,227233,216658,223074,219527,201893,188872,183420,177118,156004],&quot;la",/Users/shou/hobby/CPX/nikkei-stock/data/data_collection/processed/yfinance_gx_20251219_172854/2nd screening/_generated_envgraph_20251223_204017/raw_json/古河電気工業株式会社__985744304__rep1__gas1.json
大同特殊鋼株式会社,400072412,1,1,200,"<div>
              <script type=""application/json"" id=""graph"">{&quot;repYear&quot;:[2009,2010,2011,2012,2013,2014,2015,2016,2017,2018,2019,2020,2021,2022,2023],&quot;emitAmount&quot;:[1043832,1292977,1291240,1277307,1263062,1296978,1200081,1215335,1271733,1278004,1098529,925126,1103589,1013752,977",/Users/shou/hobby/CPX/nikkei-stock/data/data_collection/processed/yfinance_gx_20251219_172854/2nd screening/_generated_envgraph_20251223_204017/raw_json/大同特殊鋼株式会社__400072412__rep1__gas1.json
株式会社中山製鋼所,580002877,1,1,200,"<div>
              <script type=""application/json"" id=""graph"">{&quot;repYear&quot;:[2009,2010,2011,2012,2013,2014,2015,2016,2017,2018,2019,2020,2021,2022,2023],&quot;emitAmount&quot;:[377592,308609,309044,325845,301138,341408,316565,341255,367006,321747,271592,240013,273417,246484,262011],&quot;la",/Users/shou/hobby/CPX/nikkei-stock/data/data_collection/processed/yfinance_gx_20251219_172854/2nd screening/_generated_envgraph_20251223_204017/raw_json/株式会社中山製鋼所__580002877__rep1__gas1.json
西日本鉄道株式会社,800003425,1,1,200,"<div>
              <script type=""application/json"" id=""graph"">{&quot;repYear&quot;:[2009,2010,2011,2012,2013,2014,2015,2016,2017,2018,2019,2020,2021,2022,2023],&quot;emitAmount&quot;:[41426,40316,41092,54256,63314,60982,57118,53217,48637,50802,36946,34267,35362,34085,24678],&quot;label&quot;:[&quo",/Users/shou/hobby/CPX/nikkei-stock/data/data_collection/processed/yfinance_gx_20251219_172854/2nd screening/_generated_envgraph_20251223_204017/raw_json/西日本鉄道株式会社__800003425__rep1__gas1.json
栗田工業株式会社,985176001,1,1,200,"<div>
              <script type=""application/json"" id=""graph"">{&quot;repYear&quot;:[2010,2011,2012,2013,2014,2015,2016,2017,2018,2019,2020,2021,2022,2023],&quot;emitAmount&quot;:[138949,143085,166593,171879,175512,174620,173858,178552,188457,195040,200609,216456,240498,233270],&quot;label&quot;:[&",/Users/shou/hobby/CPX/nikkei-stock/data/data_collection/processed/yfinance_gx_20251219_172854/2nd screening/_generated_envgraph_20251223_204017/raw_json/栗田工業株式会社__985176001__rep1__gas1.json
株式会社カネカ,580046998,1,1,200,"<div>
              <script type=""application/json"" id=""graph"">{&quot;repYear&quot;:[2009,2010,2011,2012,2013,2014,2015,2016,2017,2018,2019,2020,2021,2022,2023],&quot;emitAmount&quot;:[984957,1016991,996883,1119325,1154206,1156359,1123020,1075208,1085957,1071843,1002488,995711,1038145,929770,925629",/Users/shou/hobby/CPX/nikkei-stock/data/data_collection/processed/yfinance_gx_20251219_172854/2nd screening/_generated_envgraph_20251223_204017/raw_json/株式会社カネカ__580046998__rep1__gas1.json
新日本電工株式会社,985670407,1,1,200,"<div>
              <script type=""application/json"" id=""graph"">{&quot;repYear&quot;:[2009,2010,2011,2012,2013,2014,2015,2016,2017,2018,2019,2020,2021,2022,2023],&quot;emitAmount&quot;:[353574,428499,346647,414370,492896,544107,497407,491424,412789,482743,470371,361279,417168,375853,324292],&quot;la",/Users/shou/hobby/CPX/nikkei-stock/data/data_collection/processed/yfinance_gx_20251219_172854/2nd screening/_generated_envgraph_20251223_204017/raw_json/新日本電工株式会社__985670407__rep1__gas1.json
戸田建設株式会社,985456201,1,1,200,"<div>
              <script type=""application/json"" id=""graph"">{&quot;repYear&quot;:[2009,2010,2011,2012,2013,2014,2015,2016,2017,2018,2019,2020,2021,2022,2023],&quot;emitAmount&quot;:[8288,8059,8319,10531,10072,9462,8012,7768,7697,7645,7037,5929,6336,6124,6176],&quot;label&quot;:[&quot;8&quot;,&qu",/Users/shou/hobby/CPX/nikkei-stock/data/data_collection/processed/yfinance_gx_20251219_172854/2nd screening/_generated_envgraph_20251223_204017/raw_json/戸田建設株式会社__985456201__rep1__gas1.json
共英製鋼株式会社,580085029,1,1,200,"<div>
              <script type=""application/json"" id=""graph"">{&quot;repYear&quot;:[2009,2010,2011,2012,2013,2014,2015,2016,2017,2018,2019,2020,2021,2022,2023],&quot;emitAmount&quot;:[449741,446349,460614,531136,584000,575064,492432,491601,508178,486447,419371,371657,370298,355250,457320],&quot;la",/Users/shou/hobby/CPX/nikkei-stock/data/data_collection/processed/yfinance_gx_20251219_172854/2nd screening/_generated_envgraph_20251223_204017/raw_json/共英製鋼株式会社__580085029__rep1__gas1.json
株式会社ＵＡＣＪ,980885721,1,1,200,"<div>
              <script type=""application/json"" id=""graph"">{&quot;repYear&quot;:[2009,2010,2011,2012,2013,2014,2015,2016,2017,2018,2019,2020,2021,2022,2023],&quot;emitAmount&quot;:[458000,446000,432246,474517,610911,743786,721016,712563,714679,681023,640753,580390,610335,590260,549707],&quot;la",/Users/shou/hobby/CPX/nikkei-stock/data/data_collection/processed/yfinance_gx_20251219_172854/2nd screening/_generated_envgraph_20251223_204017/raw_json/株式会社ＵＡＣＪ__980885721__rep1__gas1.json
中部電力株式会社,400083612,1,1,200,"<div>
              <script type=""application/json"" id=""graph"">{&quot;repYear&quot;:[2009,2010,2011,2012,2013,2014,2015,2016,2017,2018,2019,2020,2021,2022,2023],&quot;emitAmount&quot;:[2416238,2654378,2851184,3041794,2921931,2821314,2710504,2737278,2704231,2520246,161288,146554,135062,135152,125979",/Users/shou/hobby/CPX/nikkei-stock/data/data_collection/processed/yfinance_gx_20251219_172854/2nd screening/_generated_envgraph_20251223_204017/raw_json/中部電力株式会社__400083612__rep1__gas1.json
株式会社駒井ハルテック,580006526,1,1,200,"<div>
              <script type=""application/json"" id=""graph"">{&quot;repYear&quot;:[2009,2010,2011,2012,2013,2014,2015,2016,2017,2018,2019,2020,2021,2022,2023],&quot;emitAmount&quot;:[3800,5016,1.056,4291,4965,5281,4775,4941,4849,5063,4906,4030,4019,4209,4879],&quot;label&quot;:[&quot;3,800&quot;,",/Users/shou/hobby/CPX/nikkei-stock/data/data_collection/processed/yfinance_gx_20251219_172854/2nd screening/_generated_envgraph_20251223_204017/raw_json/株式会社駒井ハルテック__580006526__rep1__gas1.json
本田技研工業株式会社,985757509,1,1,200,"<div>
              <script type=""application/json"" id=""graph"">{&quot;repYear&quot;:[2009,2010,2011,2012,2013,2014,2015,2016,2017,2018,2019,2020,2021,2022,2023],&quot;emitAmount&quot;:[427737,426515,409323,475295,512693,465153,417699,417572,420859,413405,368761,362082,457923,445467,446073],&quot;la",/Users/shou/hobby/CPX/nikkei-stock/data/data_collection/processed/yfinance_gx_20251219_172854/2nd screening/_generated_envgraph_20251223_204017/raw_json/本田技研工業株式会社__985757509__rep1__gas1.json
ヤマハ発動機株式会社,430113534,1,1,200,"<div>
              <script type=""application/json"" id=""graph"">{&quot;repYear&quot;:[2009,2010,2011,2012,2013,2014,2015,2016,2017,2018,2019,2020,2021,2022,2023],&quot;emitAmount&quot;:[110444,133123,127452,130379,141971,143848,135508,135132,134082,133961,126120,108611,121054,131802,121412],&quot;la",/Users/shou/hobby/CPX/nikkei-stock/data/data_collection/processed/yfinance_gx_20251219_172854/2nd screening/_generated_envgraph_20251223_204017/raw_json/ヤマハ発動機株式会社__430113534__rep1__gas1.json
豊田合成株式会社,400096862,1,1,200,"<div>
              <script type=""application/json"" id=""graph"">{&quot;repYear&quot;:[2009,2010,2011,2012,2013,2014,2015,2016,2017,2018,2019,2020,2021,2022,2023],&quot;emitAmount&quot;:[160000,172436,175024,187973,187057,182850,180640,171485,159197,129423,120944,105066,103530,107643,105020],&quot;la",/Users/shou/hobby/CPX/nikkei-stock/data/data_collection/processed/yfinance_gx_20251219_172854/2nd screening/_generated_envgraph_20251223_204017/raw_json/豊田合成株式会社__400096862__rep1__gas1.json
豊田通商株式会社,400095131,1,1,200,"<div>
              <script type=""application/json"" id=""graph"">{&quot;repYear&quot;:[2009,2010,2011,2012,2013,2014,2015,2016,2017,2018,2019,2020,2021,2022,2023],&quot;emitAmount&quot;:[6550,8675,8931,8609,8389,7378,6534,5856,6162,5695,5554,4414,4875,5357,5160],&quot;label&quot;:[&quot;6,550&quot;,&",/Users/shou/hobby/CPX/nikkei-stock/data/data_collection/processed/yfinance_gx_20251219_172854/2nd screening/_generated_envgraph_20251223_204017/raw_json/豊田通商株式会社__400095131__rep1__gas1.json
日本製鉄株式会社,985336900,1,1,200,"<div>
              <script type=""application/json"" id=""graph"">{&quot;repYear&quot;:[2009,2010,2011,2012,2013,2014,2015,2016,2017,2018,2019,2020,2021,2022,2023],&quot;emitAmount&quot;:[52808420,62460000,59026230,72396620,88918560,88144410,83906220,83590830,80219240,81805922,79356610,70287876,775186",/Users/shou/hobby/CPX/nikkei-stock/data/data_collection/processed/yfinance_gx_20251219_172854/2nd screening/_generated_envgraph_20251223_204017/raw_json/日本製鉄株式会社__985336900__rep1__gas1.json
小田急電鉄株式会社,985083805,1,1,200,"<div>
              <script type=""application/json"" id=""graph"">{&quot;repYear&quot;:[2009,2010,2011,2012,2013,2014,2015,2016,2017,2018,2019,2020,2021,2022,2023],&quot;emitAmount&quot;:[123892,114937,96791,117039,132752,124943,119301,115836,112888,109553,113521,103150,98098,91629,69603],&quot;label&",/Users/shou/hobby/CPX/nikkei-stock/data/data_collection/processed/yfinance_gx_20251219_172854/2nd screening/_generated_envgraph_20251223_204017/raw_json/小田急電鉄株式会社__985083805__rep1__gas1.json
東日本旅客鉄道株式会社,987070351,1,1,200,"<div>
              <script type=""application/json"" id=""graph"">{&quot;repYear&quot;:[2009,2010,2011,2012,2013,2014,2015,2016,2017,2018,2019,2020,2021,2022,2023],&quot;emitAmount&quot;:[103753,77459,49691,52748,51108,49639,45290,47828,47267,46143,41040,39573,39429,40996,39173],&quot;label&quot;:[&qu",/Users/shou/hobby/CPX/nikkei-stock/data/data_collection/processed/yfinance_gx_20251219_172854/2nd screening/_generated_envgraph_20251223_204017/raw_json/東日本旅客鉄道株式会社__987070351__rep1__gas1.json
長瀬産業株式会社,580000120,1,1,200,"<div>
              <script type=""application/json"" id=""graph"">{&quot;repYear&quot;:[2009,2010,2011,2012,2013,2014,2015,2016,2017,2018,2019,2020,2021,2022,2023],&quot;emitAmount&quot;:[3233,2883,0.647,3063,3186,2826,2494,3196,3070,2765,2412,2066,2413,2156,1843],&quot;label&quot;:[&quot;3,233&quot;,",/Users/shou/hobby/CPX/nikkei-stock/data/data_collection/processed/yfinance_gx_20251219_172854/2nd screening/_generated_envgraph_20251223_204017/raw_json/長瀬産業株式会社__580000120__rep1__gas1.json
株式会社酉島製作所,580038181,1,1,200,"<div>
              <script type=""application/json"" id=""graph"">{&quot;repYear&quot;:[2009,2010,2011,2012,2013,2014,2015,2016,2017,2018,2019,2020,2021,2022,2023],&quot;emitAmount&quot;:[4427,3663,3546,1.509,6212,6496,6080,5996,7546,4843,4264,5761,5515,3482,3863],&quot;label&quot;:[&quot;4,427&quot;,",/Users/shou/hobby/CPX/nikkei-stock/data/data_collection/processed/yfinance_gx_20251219_172854/2nd screening/_generated_envgraph_20251223_204017/raw_json/株式会社酉島製作所__580038181__rep1__gas1.json
東レ株式会社,985546003,1,1,200,"<div>
              <script type=""application/json"" id=""graph"">{&quot;repYear&quot;:[2009,2010,2011,2012,2013,2014,2015,2016,2017,2018,2019,2020,2021,2022,2023],&quot;emitAmount&quot;:[1711440,1915274,1915255,1977316,2038910,2039248,1996241,1901380,1918540,1845991,1758820,1574378,1762398,1637694,15",/Users/shou/hobby/CPX/nikkei-stock/data/data_collection/processed/yfinance_gx_20251219_172854/2nd screening/_generated_envgraph_20251223_204017/raw_json/東レ株式会社__985546003__rep1__gas1.json
鹿島建設株式会社,985115201,1,1,200,"<div>
              <script type=""application/json"" id=""graph"">{&quot;repYear&quot;:[2009,2010,2011,2012,2013,2014,2015,2016,2017,2018,2019,2020,2021,2022,2023],&quot;emitAmount&quot;:[38042,37919,31483,36228,39944,39499,38171,39390,42817,38597,39829,36058,38989,38703,38602],&quot;label&quot;:[&quo",/Users/shou/hobby/CPX/nikkei-stock/data/data_collection/processed/yfinance_gx_20251219_172854/2nd screening/_generated_envgraph_20251223_204017/raw_json/鹿島建設株式会社__985115201__rep1__gas1.json
東邦チタニウム株式会社,985530701,1,1,200,"<div>
              <script type=""application/json"" id=""graph"">{&quot;repYear&quot;:[2009,2010,2011,2012,2013,2014,2015,2016,2017,2018,2019,2020,2021,2022,2023],&quot;emitAmount&quot;:[84600,135599,195634,273596,183526,190640,248716,213040,209821,231303,194548,158968,185206,192909,222442],&quot;lab",/Users/shou/hobby/CPX/nikkei-stock/data/data_collection/processed/yfinance_gx_20251219_172854/2nd screening/_generated_envgraph_20251223_204017/raw_json/東邦チタニウム株式会社__985530701__rep1__gas1.json
石塚硝子株式会社,400014025,1,1,200,"<div>
              <script type=""application/json"" id=""graph"">{&quot;repYear&quot;:[2009,2010,2011,2012,2013,2014,2015,2016,2017,2018,2019,2020,2021,2022,2023],&quot;emitAmount&quot;:[145092,152083,153143,157841,151923,150173,152898,144549,133875,132139,126824,107536,111367,99747,58265],&quot;labe",/Users/shou/hobby/CPX/nikkei-stock/data/data_collection/processed/yfinance_gx_20251219_172854/2nd screening/_generated_envgraph_20251223_204017/raw_json/石塚硝子株式会社__400014025__rep1__gas1.json
三菱地所株式会社,985794807,1,1,200,"<div>
              <script type=""application/json"" id=""graph"">{&quot;repYear&quot;:[2009,2010,2011,2012,2013,2014,2015,2016,2017,2018,2019,2020,2021,2022,2023],&quot;emitAmount&quot;:[321099,304916,262988,271462,330679,423978,345855,378972,389398,395867,391242,341482,330242,429907,413223],&quot;la",/Users/shou/hobby/CPX/nikkei-stock/data/data_collection/processed/yfinance_gx_20251219_172854/2nd screening/_generated_envgraph_20251223_204017/raw_json/三菱地所株式会社__985794807__rep1__gas1.json
いすゞ自動車株式会社,985033106,1,1,200,"<div>
              <script type=""application/json"" id=""graph"">{&quot;repYear&quot;:[2009,2010,2011,2012,2013,2014,2015,2016,2017,2018,2019,2020,2021,2022,2023],&quot;emitAmount&quot;:[157629,180129,184710,210285,224401,233000,224020,221526,217720,220000,214000,194000,216000,213078,204837],&quot;la",/Users/shou/hobby/CPX/nikkei-stock/data/data_collection/processed/yfinance_gx_20251219_172854/2nd screening/_generated_envgraph_20251223_204017/raw_json/いすゞ自動車株式会社__985033106__rep1__gas1.json
株式会社東光高岳,348007181,1,1,200,"<div>
              <script type=""application/json"" id=""graph"">{&quot;repYear&quot;:[2014,2015,2016,2017,2018,2019,2020,2021,2022,2023],&quot;emitAmount&quot;:[21246,20142,19465,17669,17819,16945,15932,15653,15685,15683],&quot;label&quot;:[&quot;21&quot;,&quot;20&quot;,&quot;19&quot;,&quot;18&quot;",/Users/shou/hobby/CPX/nikkei-stock/data/data_collection/processed/yfinance_gx_20251219_172854/2nd screening/_generated_envgraph_20251223_204017/raw_json/株式会社東光高岳__348007181__rep1__gas1.json
双日株式会社,986331452,1,1,200,"<div>
              <script type=""application/json"" id=""graph"">{&quot;repYear&quot;:[2009,2010,2011,2012,2013,2014,2015,2016,2017,2018,2019,2020,2021,2022,2023],&quot;emitAmount&quot;:[3350,4446,3766,4645,4484,3229,2683,0.929,0.929,0.929,0.929,0.929,0.929,0.929,0.929],&quot;label&quot;:[&quot;3,350",/Users/shou/hobby/CPX/nikkei-stock/data/data_collection/processed/yfinance_gx_20251219_172854/2nd screening/_generated_envgraph_20251223_204017/raw_json/双日株式会社__986331452__rep1__gas1.json
日本軽金属ホールディングス株式会社,985646205,1,1,200,"<div>
              <script type=""application/json"" id=""graph"">{&quot;repYear&quot;:[2009,2010,2011,2012,2013,2014,2015,2016,2017,2018,2019,2020,2021,2022,2023],&quot;emitAmount&quot;:[300570,377741,341187,299395,283356,291102,272479,263155,275025,256949,225614,202065,218027,202325,184887],&quot;la",/Users/shou/hobby/CPX/nikkei-stock/data/data_collection/processed/yfinance_gx_20251219_172854/2nd screening/_generated_envgraph_20251223_204017/raw_json/日本軽金属ホールディングス株式会社__985646205__rep1__gas1.json
三洋化成工業株式会社,500025003,1,1,200,"<div>
              <script type=""application/json"" id=""graph"">{&quot;repYear&quot;:[2009,2010,2011,2012,2013,2014,2015,2016,2017,2018,2019,2020,2021,2022,2023],&quot;emitAmount&quot;:[90600,92151,90916,89020,89814,88631,86641,93909,93456,91073,88659,82471,83386,84972,77784],&quot;label&quot;:[&quo",/Users/shou/hobby/CPX/nikkei-stock/data/data_collection/processed/yfinance_gx_20251219_172854/2nd screening/_generated_envgraph_20251223_204017/raw_json/三洋化成工業株式会社__500025003__rep1__gas1.json
セントラル硝子株式会社,985350103,1,1,200,"<div>
              <script type=""application/json"" id=""graph"">{&quot;repYear&quot;:[2009,2010,2011,2012,2013,2014,2015,2016,2017,2018,2019,2020,2021,2022,2023],&quot;emitAmount&quot;:[612000,604988,651639,635319,632429,639117,441309,416348,437353,428144,421291,393417,368039,90677,78304],&quot;labe",/Users/shou/hobby/CPX/nikkei-stock/data/data_collection/processed/yfinance_gx_20251219_172854/2nd screening/_generated_envgraph_20251223_204017/raw_json/セントラル硝子株式会社__985350103__rep1__gas1.json
住友大阪セメント株式会社,985347206,1,1,200,"<div>
              <script type=""application/json"" id=""graph"">{&quot;repYear&quot;:[2009,2010,2011,2012,2013,2014,2015,2016,2017,2018,2019,2020,2021,2022,2023],&quot;emitAmount&quot;:[2590000,2500000,2610000,2660000,2690000,2679100,2578100,2503968,2613300,2569518,2478331,2435202,2685455,2337927,22",/Users/shou/hobby/CPX/nikkei-stock/data/data_collection/processed/yfinance_gx_20251219_172854/2nd screening/_generated_envgraph_20251223_204017/raw_json/住友大阪セメント株式会社__985347206__rep1__gas1.json
浜松ホトニクス株式会社,430016693,1,1,200,"<div>
              <script type=""application/json"" id=""graph"">{&quot;repYear&quot;:[2009,2010,2011,2012,2013,2014,2015,2016,2017,2018,2019,2020,2021,2022,2023],&quot;emitAmount&quot;:[41413,46202,46827,51042,51835,52157,53429,54269,55312,54070,54036,54473,52294,56954,53988],&quot;label&quot;:[&quo",/Users/shou/hobby/CPX/nikkei-stock/data/data_collection/processed/yfinance_gx_20251219_172854/2nd screening/_generated_envgraph_20251223_204017/raw_json/浜松ホトニクス株式会社__430016693__rep1__gas1.json
小林製薬株式会社,580006221,1,1,200,"<div>
              <script type=""application/json"" id=""graph"">{&quot;repYear&quot;:[2009,2010,2011,2012,2013,2014,2015,2016,2017,2018,2019,2020,2021,2022,2023],&quot;emitAmount&quot;:[2557,2891,2860,3003,3257,4146,4360,4396,4496,3825,3434,3342,3395,4069,2637],&quot;label&quot;:[&quot;2,557&quot;,&",/Users/shou/hobby/CPX/nikkei-stock/data/data_collection/processed/yfinance_gx_20251219_172854/2nd screening/_generated_envgraph_20251223_204017/raw_json/小林製薬株式会社__580006221__rep1__gas1.json
株式会社佐藤渡辺,985866101,1,1,200,"<div>
              <script type=""application/json"" id=""graph"">{&quot;repYear&quot;:[2009,2010,2011,2012,2013,2014,2015,2016,2017,2018,2019,2020,2021,2022,2023],&quot;emitAmount&quot;:[15543,15603,15755,16750,12172,20562,20550,19713,19442,18299,19407,17529,18813,15862,15543],&quot;label&quot;:[&quo",/Users/shou/hobby/CPX/nikkei-stock/data/data_collection/processed/yfinance_gx_20251219_172854/2nd screening/_generated_envgraph_20251223_204017/raw_json/株式会社佐藤渡辺__985866101__rep1__gas1.json
三菱商事株式会社,985794404,1,1,200,"<div>
              <script type=""application/json"" id=""graph"">{&quot;repYear&quot;:[2009,2010,2011,2012,2013,2014,2015,2016,2017,2018,2019,2020,2021,2022,2023],&quot;emitAmount&quot;:[18153,13384,12284,15213,17153,17291,18744,17136,14752,10390,9727,8391,8380,8447,8142],&quot;label&quot;:[&quot;18&",/Users/shou/hobby/CPX/nikkei-stock/data/data_collection/processed/yfinance_gx_20251219_172854/2nd screening/_generated_envgraph_20251223_204017/raw_json/三菱商事株式会社__985794404__rep1__gas1.json
株式会社山善,580031215,1,1,417,"<!DOCTYPE html>
<html lang=""ja"">
<head>
  <meta charset=""UTF-8"">
  <meta name=""viewport"" content=""width=device-width, initial-scale=1"">
  <title>温室効果ガス排出量算定・報告・公表制度 フロン類算定漏えい量報告・公表制度ウェブサイト - エラー</title>
  <link rel=""icon"" href=""data:,""> 
  <link rel=""stylesheet"" href=""/ghg-santeikohyo-result/",/Users/shou/hobby/CPX/nikkei-stock/data/data_collection/processed/yfinance_gx_20251219_172854/2nd screening/_generated_envgraph_20251223_204017/raw_json/株式会社山善__580031215__rep1__gas1.json
株式会社レゾナック・ホールディングス,985710306,1,1,200,"<div>
              <script type=""application/json"" id=""graph"">{&quot;repYear&quot;:[2009,2010,2011,2012,2013,2014,2015,2016,2017,2018,2019,2020,2021,2022,2023],&quot;emitAmount&quot;:[150635,141806,133760,137409,140389,200128,198492,272306,274348,264161,246405,221278,176045,2138503,2206024],&quot;",/Users/shou/hobby/CPX/nikkei-stock/data/data_collection/processed/yfinance_gx_20251219_172854/2nd screening/_generated_envgraph_20251223_204017/raw_json/株式会社レゾナック_ホールディングス__985710306__rep1__gas1.json
株式会社伊藤園,985035755,1,1,200,"<div>
              <script type=""application/json"" id=""graph"">{&quot;repYear&quot;:[2009,2010,2011,2012,2013,2014,2015,2016,2017,2018,2019,2020,2021,2022,2023],&quot;emitAmount&quot;:[15734,14230,14420,16094,15257,16571,21768,20367,15948,17079,15838,15580,13641,15551,15418],&quot;label&quot;:[&quo",/Users/shou/hobby/CPX/nikkei-stock/data/data_collection/processed/yfinance_gx_20251219_172854/2nd screening/_generated_envgraph_20251223_204017/raw_json/株式会社伊藤園__985035755__rep1__gas1.json
レンゴー株式会社,580006446,1,1,200,"<div>
              <script type=""application/json"" id=""graph"">{&quot;repYear&quot;:[2009,2010,2011,2012,2013,2014,2015,2016,2017,2018,2019,2020,2021,2022,2023],&quot;emitAmount&quot;:[799000,803018,791427,817190,878830,822987,837687,829648,815889,851881,833370,791521,836654,741269,689079],&quot;la",/Users/shou/hobby/CPX/nikkei-stock/data/data_collection/processed/yfinance_gx_20251219_172854/2nd screening/_generated_envgraph_20251223_204017/raw_json/レンゴー株式会社__580006446__rep1__gas1.json
トピー工業株式会社,985454402,1,1,200,"<div>
              <script type=""application/json"" id=""graph"">{&quot;repYear&quot;:[2009,2010,2011,2012,2013,2014,2015,2016,2017,2018,2019,2020,2021,2022,2023],&quot;emitAmount&quot;:[371327,461811,456748,478767,473490,469040,487682,506862,526453,519883,482285,479726,500305,514614,488864],&quot;la",/Users/shou/hobby/CPX/nikkei-stock/data/data_collection/processed/yfinance_gx_20251219_172854/2nd screening/_generated_envgraph_20251223_204017/raw_json/トピー工業株式会社__985454402__rep1__gas1.json
マツダ株式会社,600002843,1,1,200,"<div>
              <script type=""application/json"" id=""graph"">{&quot;repYear&quot;:[2009,2010,2011,2012,2013,2014,2015,2016,2017,2018,2019,2020,2021,2022,2023],&quot;emitAmount&quot;:[579766,613323,588418,793123,836660,805272,798031,774389,813543,799082,732279,617810,640685,646432,670840],&quot;la",/Users/shou/hobby/CPX/nikkei-stock/data/data_collection/processed/yfinance_gx_20251219_172854/2nd screening/_generated_envgraph_20251223_204017/raw_json/マツダ株式会社__600002843__rep1__gas1.json
愛知製鋼株式会社,400004029,1,1,200,"<div>
              <script type=""application/json"" id=""graph"">{&quot;repYear&quot;:[2009,2010,2011,2012,2013,2014,2015,2016,2017,2018,2019,2020,2021,2022,2023],&quot;emitAmount&quot;:[585458,700862,726867,755654,807475,806999,718071,752761,793164,793531,718905,609258,668282,619487,620775],&quot;la",/Users/shou/hobby/CPX/nikkei-stock/data/data_collection/processed/yfinance_gx_20251219_172854/2nd screening/_generated_envgraph_20251223_204017/raw_json/愛知製鋼株式会社__400004029__rep1__gas1.json
沖縄電力株式会社,900001432,1,1,200,"<div>
              <script type=""application/json"" id=""graph"">{&quot;repYear&quot;:[2009,2010,2011,2012,2013,2014,2015,2016,2017,2018,2019,2020,2021,2022,2023],&quot;emitAmount&quot;:[541991,560772,563591,561700,531823,500438,488459,499680,482162,447711,463895,470600,448603,441831,274317],&quot;la",/Users/shou/hobby/CPX/nikkei-stock/data/data_collection/processed/yfinance_gx_20251219_172854/2nd screening/_generated_envgraph_20251223_204017/raw_json/沖縄電力株式会社__900001432__rep1__gas1.json
株式会社 アイシン,400000066,1,1,200,"<div>
              <script type=""application/json"" id=""graph"">{&quot;repYear&quot;:[2009,2010,2011,2012,2013,2014,2015,2016,2017,2018,2019,2020,2021,2022,2023],&quot;emitAmount&quot;:[229000,221844,233002,254833,257675,252705,246026,225755,244091,240655,229453,523701,534507,532060,504285],&quot;la",/Users/shou/hobby/CPX/nikkei-stock/data/data_collection/processed/yfinance_gx_20251219_172854/2nd screening/_generated_envgraph_20251223_204017/raw_json/株式会社_アイシン__400000066__rep1__gas1.json
センコーグループホールディングス株式会社,580011642,1,1,200,"<div>
              <script type=""application/json"" id=""graph"">{&quot;repYear&quot;:[2009,2010,2011,2012,2013,2014,2015,2016,2017,2018,2019,2020,2021,2022,2023],&quot;emitAmount&quot;:[36514,35182,32397,38449,39396,40676,39066,38170,38837,39013,39456,41717,38353,35733,39049],&quot;label&quot;:[&quo",/Users/shou/hobby/CPX/nikkei-stock/data/data_collection/processed/yfinance_gx_20251219_172854/2nd screening/_generated_envgraph_20251223_204017/raw_json/センコーグループホールディングス株式会社__580011642__rep1__gas1.json
オムロン株式会社,500015052,1,1,200,"<div>
              <script type=""application/json"" id=""graph"">{&quot;repYear&quot;:[2009,2010,2011,2012,2013,2014,2015,2016,2017,2018,2019,2020,2021,2022,2023],&quot;emitAmount&quot;:[41300,40800,37070,44857,49125,46549,44993,41526,35984,36019,29431,29309,27155,13590,15245],&quot;label&quot;:[&quo",/Users/shou/hobby/CPX/nikkei-stock/data/data_collection/processed/yfinance_gx_20251219_172854/2nd screening/_generated_envgraph_20251223_204017/raw_json/オムロン株式会社__500015052__rep1__gas1.json
清水建設株式会社,985302607,1,1,200,"<div>
              <script type=""application/json"" id=""graph"">{&quot;repYear&quot;:[2009,2010,2011,2012,2013,2014,2015,2016,2017,2018,2019,2020,2021,2022,2023],&quot;emitAmount&quot;:[25924,30999,24921,31074,29528,28127,25270,25022,24200,21600,22800,24300,32200,54500,23558],&quot;label&quot;:[&quo",/Users/shou/hobby/CPX/nikkei-stock/data/data_collection/processed/yfinance_gx_20251219_172854/2nd screening/_generated_envgraph_20251223_204017/raw_json/清水建設株式会社__985302607__rep1__gas1.json
三菱マテリアル株式会社,985793701,1,1,200,"<div>
              <script type=""application/json"" id=""graph"">{&quot;repYear&quot;:[2009,2010,2011,2012,2013,2014,2015,2016,2017,2018,2019,2020,2021,2022,2023],&quot;emitAmount&quot;:[3184981,3135688,3375756,3357049,3471495,3506543,3427436,3391532,3516536,3374689,3203733,3156625,518514,353644,3610",/Users/shou/hobby/CPX/nikkei-stock/data/data_collection/processed/yfinance_gx_20251219_172854/2nd screening/_generated_envgraph_20251223_204017/raw_json/三菱マテリアル株式会社__985793701__rep1__gas1.json
三菱自動車工業株式会社,985794057,1,1,200,"<div>
              <script type=""application/json"" id=""graph"">{&quot;repYear&quot;:[2009,2010,2011,2012,2013,2014,2015,2016,2017,2018,2019,2020,2021,2022,2023],&quot;emitAmount&quot;:[315000,340400,348319,333520,392278,372081,347712,308455,334845,338519,301633,212830,245511,210896,216590],&quot;la",/Users/shou/hobby/CPX/nikkei-stock/data/data_collection/processed/yfinance_gx_20251219_172854/2nd screening/_generated_envgraph_20251223_204017/raw_json/三菱自動車工業株式会社__985794057__rep1__gas1.json
三菱製紙株式会社,985794709,1,1,200,"<div>
              <script type=""application/json"" id=""graph"">{&quot;repYear&quot;:[2009,2010,2011,2012,2013,2014,2015,2016,2017,2018,2019,2020,2021,2022,2023],&quot;emitAmount&quot;:[861000,826000,807493,876094,827693,823195,844963,834086,856488,819678,743964,709162,693605,680074,671628],&quot;la",/Users/shou/hobby/CPX/nikkei-stock/data/data_collection/processed/yfinance_gx_20251219_172854/2nd screening/_generated_envgraph_20251223_204017/raw_json/三菱製紙株式会社__985794709__rep1__gas1.json
帝人株式会社,580001341,1,1,200,"<div>
              <script type=""application/json"" id=""graph"">{&quot;repYear&quot;:[2009,2010,2011,2012,2013,2014,2015,2016,2017,2018,2019,2020,2021,2022,2023],&quot;emitAmount&quot;:[20534,561607,451419,526679,802186,687607,681059,486339,421584,537673,535631,467385,509203,488822,437449],&quot;lab",/Users/shou/hobby/CPX/nikkei-stock/data/data_collection/processed/yfinance_gx_20251219_172854/2nd screening/_generated_envgraph_20251223_204017/raw_json/帝人株式会社__580001341__rep1__gas1.json
アスクル株式会社,987601839,1,1,200,"<div>
              <script type=""application/json"" id=""graph"">{&quot;repYear&quot;:[2009,2010,2011,2012,2013,2014,2015,2016,2017,2018,2019,2020,2021,2022,2023],&quot;emitAmount&quot;:[7385,7385,6067,7259,11073,12082,13246,14290,15293,17052,16534,15875,17103,16288,22384],&quot;label&quot;:[&quot;7&",/Users/shou/hobby/CPX/nikkei-stock/data/data_collection/processed/yfinance_gx_20251219_172854/2nd screening/_generated_envgraph_20251223_204017/raw_json/アスクル株式会社__987601839__rep1__gas1.json
ヤマハ株式会社,430015561,1,1,200,"<div>
              <script type=""application/json"" id=""graph"">{&quot;repYear&quot;:[2009,2010,2011,2012,2013,2014,2015,2016,2017,2018,2019,2020,2021,2022,2023],&quot;emitAmount&quot;:[38063,41758,40832,41443,38960,19156,16766,17575,8842,8908,8512,8160,7700,8068,30612],&quot;label&quot;:[&quot;38&q",/Users/shou/hobby/CPX/nikkei-stock/data/data_collection/processed/yfinance_gx_20251219_172854/2nd screening/_generated_envgraph_20251223_204017/raw_json/ヤマハ株式会社__430015561__rep1__gas1.json
王子ホールディングス株式会社,985101000,1,1,200,"<div>
              <script type=""application/json"" id=""graph"">{&quot;repYear&quot;:[2009,2010,2011,2012,2013,2014,2015,2016,2017,2018,2019,2020,2021,2022,2023],&quot;emitAmount&quot;:[2930000,2483175,2328194,1089260,5677,5428,5570,5673,4148,4497,4505,4492,3348,4736,4553],&quot;label&quot;:[&quot;2",/Users/shou/hobby/CPX/nikkei-stock/data/data_collection/processed/yfinance_gx_20251219_172854/2nd screening/_generated_envgraph_20251223_204017/raw_json/王子ホールディングス株式会社__985101000__rep1__gas1.json
第一稀元素化学工業株式会社,580304671,1,1,200,"<div>
              <script type=""application/json"" id=""graph"">{&quot;repYear&quot;:[2009,2010,2011,2012,2013,2014,2015,2016,2017,2018,2019,2020,2021,2022,2023],&quot;emitAmount&quot;:[17831,22214,22449,21912,27942,28785,27161,28785,32445,33325,33225,28090,33101,32430,37440],&quot;label&quot;:[&quo",/Users/shou/hobby/CPX/nikkei-stock/data/data_collection/processed/yfinance_gx_20251219_172854/2nd screening/_generated_envgraph_20251223_204017/raw_json/第一稀元素化学工業株式会社__580304671__rep1__gas1.json
ＴＯＴＯ株式会社,810002001,1,1,200,"<div>
              <script type=""application/json"" id=""graph"">{&quot;repYear&quot;:[2009,2010,2011,2012,2013,2014,2015,2016,2017,2018,2019,2020,2021,2022,2023],&quot;emitAmount&quot;:[97000,74074,73907,79677,54833,55193,53415,48455,49499,47319,42559,39740,41082,37353,38521],&quot;label&quot;:[&quo",/Users/shou/hobby/CPX/nikkei-stock/data/data_collection/processed/yfinance_gx_20251219_172854/2nd screening/_generated_envgraph_20251223_204017/raw_json/ＴＯＴＯ株式会社__810002001__rep1__gas1.json
中越パルプ工業株式会社,985426300,1,1,200,"<div>
              <script type=""application/json"" id=""graph"">{&quot;repYear&quot;:[2009,2010,2011,2012,2013,2014,2015,2016,2017,2018,2019,2020,2021,2022,2023],&quot;emitAmount&quot;:[433684,311248,359162,425411,418093,398764,388591,415634,384074,331362,314248,284000,283149,266171,258278],&quot;la",/Users/shou/hobby/CPX/nikkei-stock/data/data_collection/processed/yfinance_gx_20251219_172854/2nd screening/_generated_envgraph_20251223_204017/raw_json/中越パルプ工業株式会社__985426300__rep1__gas1.json
三協立山株式会社,370021004,1,1,200,"<div>
              <script type=""application/json"" id=""graph"">{&quot;repYear&quot;:[2009,2010,2011,2012,2013,2014,2015,2016,2017,2018,2019,2020,2021,2022,2023],&quot;emitAmount&quot;:[151203,118570,133997,275369,297683,285579,281465,276711,279207,256738,227756,206274,208107,206714,176169],&quot;la",/Users/shou/hobby/CPX/nikkei-stock/data/data_collection/processed/yfinance_gx_20251219_172854/2nd screening/_generated_envgraph_20251223_204017/raw_json/三協立山株式会社__370021004__rep1__gas1.json
出光興産株式会社,985052701,1,1,200,"<div>
              <script type=""application/json"" id=""graph"">{&quot;repYear&quot;:[2009,2010,2011,2012,2013,2014,2015,2016,2017,2018,2019,2020,2021,2022,2023],&quot;emitAmount&quot;:[7348928,7455887,7163766,7048708,7284793,7026498,7203251,7234232,7210859,7178910,6978411,6631525,6811971,6952425,80",/Users/shou/hobby/CPX/nikkei-stock/data/data_collection/processed/yfinance_gx_20251219_172854/2nd screening/_generated_envgraph_20251223_204017/raw_json/出光興産株式会社__985052701__rep1__gas1.json
東京電力ホールディングス株式会社,985496609,1,1,200,"<div>
              <script type=""application/json"" id=""graph"">{&quot;repYear&quot;:[2009,2010,2011,2012,2013,2014,2015,2016,2017,2018,2019,2020,2021,2022,2023],&quot;emitAmount&quot;:[3060000,2990000,3660000,4230000,4490000,4030000,3800000,510000,503000,474278,425962,406706,396263,413646,416996],&",/Users/shou/hobby/CPX/nikkei-stock/data/data_collection/processed/yfinance_gx_20251219_172854/2nd screening/_generated_envgraph_20251223_204017/raw_json/東京電力ホールディングス株式会社__985496609__rep1__gas1.json
キリンホールディングス株式会社,985146306,1,1,200,"<div>
              <script type=""application/json"" id=""graph"">{&quot;repYear&quot;:[2009,2010,2011,2012,2013,2014,2015,2016,2017,2018,2019,2020,2021,2022,2023],&quot;emitAmount&quot;:[13739,19363,15420,7873,2368,3.873,3.873,3.873,3.873,3.873,3159,4539,4853,1557,2450],&quot;label&quot;:[&quot;14&qu",/Users/shou/hobby/CPX/nikkei-stock/data/data_collection/processed/yfinance_gx_20251219_172854/2nd screening/_generated_envgraph_20251223_204017/raw_json/キリンホールディングス株式会社__985146306__rep1__gas1.json
広島ガス株式会社,600019161,1,1,200,"<div>
              <script type=""application/json"" id=""graph"">{&quot;repYear&quot;:[2009,2010,2011,2012,2013,2014,2015,2016,2017,2018,2019,2020,2021,2022,2023],&quot;emitAmount&quot;:[24200,24800,24800,22600,22700,21600,21832,23349,24101,25627,17629,16800,16380,14731,11968],&quot;label&quot;:[&quo",/Users/shou/hobby/CPX/nikkei-stock/data/data_collection/processed/yfinance_gx_20251219_172854/2nd screening/_generated_envgraph_20251223_204017/raw_json/広島ガス株式会社__600019161__rep1__gas1.json
住友化学株式会社,580000809,1,1,200,"<div>
              <script type=""application/json"" id=""graph"">{&quot;repYear&quot;:[2009,2010,2011,2012,2013,2014,2015,2016,2017,2018,2019,2020,2021,2022,2023],&quot;emitAmount&quot;:[3512000,3454000,3134000,3190000,3356514,3346642,2583459,2405409,2452706,2542561,2721929,2643588,2548616,2536814,20",/Users/shou/hobby/CPX/nikkei-stock/data/data_collection/processed/yfinance_gx_20251219_172854/2nd screening/_generated_envgraph_20251223_204017/raw_json/住友化学株式会社__580000809__rep1__gas1.json
日本紙パルプ商事株式会社,985642304,1,1,200,"<div>
              <script type=""application/json"" id=""graph"">{&quot;repYear&quot;:[2010,2011,2012,2013,2014,2015,2016,2017,2018,2019,2020,2021,2022,2023],&quot;emitAmount&quot;:[5112,3926,4638,4221,4205,3712,3481,3319,4771,5689,5231,3964,1.138,1.138],&quot;label&quot;:[&quot;5,112&quot;,&quot;3,9",/Users/shou/hobby/CPX/nikkei-stock/data/data_collection/processed/yfinance_gx_20251219_172854/2nd screening/_generated_envgraph_20251223_204017/raw_json/日本紙パルプ商事株式会社__985642304__rep1__gas1.json
住友金属鉱山株式会社,985346700,1,1,200,"<div>
              <script type=""application/json"" id=""graph"">{&quot;repYear&quot;:[2009,2010,2011,2012,2013,2014,2015,2016,2017,2018,2019,2020,2021,2022,2023],&quot;emitAmount&quot;:[970314,940481,927632,874444,904977,1001968,867414,762934,766829,806577,775377,797534,766734,783898,708859],&quot;l",/Users/shou/hobby/CPX/nikkei-stock/data/data_collection/processed/yfinance_gx_20251219_172854/2nd screening/_generated_envgraph_20251223_204017/raw_json/住友金属鉱山株式会社__985346700__rep1__gas1.json
三井化学株式会社,985786108,1,1,200,"<div>
              <script type=""application/json"" id=""graph"">{&quot;repYear&quot;:[2009,2010,2011,2012,2013,2014,2015,2016,2017,2018,2019,2020,2021,2022,2023],&quot;emitAmount&quot;:[4526545,4488281,4353598,4177784,4105834,3921849,4033939,4008345,3896869,3780191,3778020,3628480,3749755,3467730,34",/Users/shou/hobby/CPX/nikkei-stock/data/data_collection/processed/yfinance_gx_20251219_172854/2nd screening/_generated_envgraph_20251223_204017/raw_json/三井化学株式会社__985786108__rep1__gas1.json
上新電機株式会社,580189711,1,1,200,"<div>
              <script type=""application/json"" id=""graph"">{&quot;repYear&quot;:[2009,2010,2011,2012,2013,2014,2015,2016,2017,2018,2019,2020,2021,2022,2023],&quot;emitAmount&quot;:[38610,35475,33483,46449,45801,44611,43521,48218,45751,41652,36256,32430,35146,36264,35350],&quot;label&quot;:[&quo",/Users/shou/hobby/CPX/nikkei-stock/data/data_collection/processed/yfinance_gx_20251219_172854/2nd screening/_generated_envgraph_20251223_204017/raw_json/上新電機株式会社__580189711__rep1__gas1.json
ハリマ化成グループ株式会社,675007221,1,1,200,"<div>
              <script type=""application/json"" id=""graph"">{&quot;repYear&quot;:[2021,2022,2023],&quot;emitAmount&quot;:[12567,16245,15751],&quot;label&quot;:[&quot;13&quot;,&quot;16&quot;,&quot;16&quot;],&quot;unit&quot;:&quot;千&quot;,&quot;gasName&quot;:&quot;エネルギー起源CO&lt;sub&gt;2&lt;/sub&gt;",/Users/shou/hobby/CPX/nikkei-stock/data/data_collection/processed/yfinance_gx_20251219_172854/2nd screening/_generated_envgraph_20251223_204017/raw_json/ハリマ化成グループ株式会社__675007221__rep1__gas1.json
株式会社アーレスティ,985724508,1,1,200,"<div>
              <script type=""application/json"" id=""graph"">{&quot;repYear&quot;:[2009,2010,2011,2012,2013,2014,2015,2016,2017,2018,2019,2020,2021,2022,2023],&quot;emitAmount&quot;:[45720,53170,49236,43736,40627,42269,41463,42573,43051,41206,35448,29696,40772,42153,40575],&quot;label&quot;:[&quo",/Users/shou/hobby/CPX/nikkei-stock/data/data_collection/processed/yfinance_gx_20251219_172854/2nd screening/_generated_envgraph_20251223_204017/raw_json/株式会社アーレスティ__985724508__rep1__gas1.json
住友ゴム工業株式会社,530004309,1,1,200,"<div>
              <script type=""application/json"" id=""graph"">{&quot;repYear&quot;:[2009,2010,2011,2012,2013,2014,2015,2016,2017,2018,2019,2020,2021,2022,2023],&quot;emitAmount&quot;:[268155,286466,282003,310131,336849,388297,313988,306075,298805,292465,268952,269214,283187,270323,258918],&quot;la",/Users/shou/hobby/CPX/nikkei-stock/data/data_collection/processed/yfinance_gx_20251219_172854/2nd screening/_generated_envgraph_20251223_204017/raw_json/住友ゴム工業株式会社__530004309__rep1__gas1.json
日本製紙株式会社,985313100,1,1,200,"<div>
              <script type=""application/json"" id=""graph"">{&quot;repYear&quot;:[2009,2010,2011,2012,2013,2014,2015,2016,2017,2018,2019,2020,2021,2022,2023],&quot;emitAmount&quot;:[5325416,5172140,4430794,5452062,6266842,6100289,6012019,6092428,5936627,5850620,5376580,5950984,4766037,4547235,43",/Users/shou/hobby/CPX/nikkei-stock/data/data_collection/processed/yfinance_gx_20251219_172854/2nd screening/_generated_envgraph_20251223_204017/raw_json/日本製紙株式会社__985313100__rep1__gas1.json
株式会社ジェイテクト,580002189,1,1,200,"<div>
              <script type=""application/json"" id=""graph"">{&quot;repYear&quot;:[2009,2010,2011,2012,2013,2014,2015,2016,2017,2018,2019,2020,2021,2022,2023],&quot;emitAmount&quot;:[242731,259777,242845,309445,359490,357511,338154,323754,298294,284969,242919,192458,238627,220913,203486],&quot;la",/Users/shou/hobby/CPX/nikkei-stock/data/data_collection/processed/yfinance_gx_20251219_172854/2nd screening/_generated_envgraph_20251223_204017/raw_json/株式会社ジェイテクト__580002189__rep1__gas1.json
三菱製鋼株式会社,985794601,1,1,200,"<div>
              <script type=""application/json"" id=""graph"">{&quot;repYear&quot;:[2009,2010,2011,2012,2013,2014,2015,2016,2017,2018,2019,2020,2021,2022,2023],&quot;emitAmount&quot;:[31885,33575,32465,32969,32563,32151,30247,29688,31612,31388,28031,24416,25762,25067,22006],&quot;label&quot;:[&quo",/Users/shou/hobby/CPX/nikkei-stock/data/data_collection/processed/yfinance_gx_20251219_172854/2nd screening/_generated_envgraph_20251223_204017/raw_json/三菱製鋼株式会社__985794601__rep1__gas1.json
トヨタ紡織株式会社,400095186,1,1,200,"<div>
              <script type=""application/json"" id=""graph"">{&quot;repYear&quot;:[2009,2010,2011,2012,2013,2014,2015,2016,2017,2018,2019,2020,2021,2022,2023],&quot;emitAmount&quot;:[88204,89502,84286,91707,89405,86370,78812,81154,78165,72759,70080,64643,61903,64675,65170],&quot;label&quot;:[&quo",/Users/shou/hobby/CPX/nikkei-stock/data/data_collection/processed/yfinance_gx_20251219_172854/2nd screening/_generated_envgraph_20251223_204017/raw_json/トヨタ紡織株式会社__400095186__rep1__gas1.json
京セラ株式会社,500062007,1,1,200,"<div>
              <script type=""application/json"" id=""graph"">{&quot;repYear&quot;:[2009,2010,2011,2012,2013,2014,2015,2016,2017,2018,2019,2020,2021,2022,2023],&quot;emitAmount&quot;:[324000,393000,396000,499000,534000,547000,524000,597145,620342,575839,494393,494052,551467,453216,499162],&quot;la",/Users/shou/hobby/CPX/nikkei-stock/data/data_collection/processed/yfinance_gx_20251219_172854/2nd screening/_generated_envgraph_20251223_204017/raw_json/京セラ株式会社__500062007__rep1__gas1.json
森永乳業株式会社,985821708,1,1,200,"<div>
              <script type=""application/json"" id=""graph"">{&quot;repYear&quot;:[2009,2010,2011,2012,2013,2014,2015,2016,2017,2018,2019,2020,2021,2022,2023],&quot;emitAmount&quot;:[270344,253632,249313,262806,269897,261208,256370,242270,237878,238533,228133,217590,206504,201625,184812],&quot;la",/Users/shou/hobby/CPX/nikkei-stock/data/data_collection/processed/yfinance_gx_20251219_172854/2nd screening/_generated_envgraph_20251223_204017/raw_json/森永乳業株式会社__985821708__rep1__gas1.json
東洋紡株式会社,580005000,1,1,200,"<div>
              <script type=""application/json"" id=""graph"">{&quot;repYear&quot;:[2009,2010,2011,2012,2013,2014,2015,2016,2017,2018,2019,2020,2021,2022,2023],&quot;emitAmount&quot;:[782000,809000,841000,844291,827591,799652,755210,725784,718406,695744,671102,744067,738856,739986,666857],&quot;la",/Users/shou/hobby/CPX/nikkei-stock/data/data_collection/processed/yfinance_gx_20251219_172854/2nd screening/_generated_envgraph_20251223_204017/raw_json/東洋紡株式会社__580005000__rep1__gas1.json
三菱ケミカルグループ株式会社,985795500,1,1,200,"<div>
              <script type=""application/json"" id=""graph"">{&quot;repYear&quot;:[2009,2010,2011,2012,2013,2014,2015,2016,2017,2018,2019,2020,2021,2022,2023],&quot;emitAmount&quot;:[787880,852323,976728,875987,950344,990671,950923,927805,5532115,5300000,5437130,4860000,5245280,4593768,4638176],&",/Users/shou/hobby/CPX/nikkei-stock/data/data_collection/processed/yfinance_gx_20251219_172854/2nd screening/_generated_envgraph_20251223_204017/raw_json/三菱ケミカルグループ株式会社__985795500__rep1__gas1.json
株式会社オキサイド,280263436,1,1,200,"<div>
              <script type=""application/json"" id=""graph"">{&quot;repYear&quot;:[2020,2021,2022,2023],&quot;emitAmount&quot;:[4033,4413,4836,3603],&quot;label&quot;:[&quot;4,033&quot;,&quot;4,413&quot;,&quot;4,836&quot;,&quot;3,603&quot;],&quot;unit&quot;:&quot;&quot;,&quot;gasName&quot;:&quot;",/Users/shou/hobby/CPX/nikkei-stock/data/data_collection/processed/yfinance_gx_20251219_172854/2nd screening/_generated_envgraph_20251223_204017/raw_json/株式会社オキサイド__280263436__rep1__gas1.json
日野自動車株式会社,985712409,1,1,200,"<div>
              <script type=""application/json"" id=""graph"">{&quot;repYear&quot;:[2009,2010,2011,2012,2013,2014,2015,2016,2017,2018,2019,2020,2021,2022,2023],&quot;emitAmount&quot;:[193946,210120,214268,250295,268116,256602,240979,244385,254660,246947,222800,185135,198623,191905,175609],&quot;la",/Users/shou/hobby/CPX/nikkei-stock/data/data_collection/processed/yfinance_gx_20251219_172854/2nd screening/_generated_envgraph_20251223_204017/raw_json/日野自動車株式会社__985712409__rep1__gas1.json
デンカ株式会社,985451705,1,1,200,"<div>
              <script type=""application/json"" id=""graph"">{&quot;repYear&quot;:[2009,2010,2011,2012,2013,2014,2015,2016,2017,2018,2019,2020,2021,2022,2023],&quot;emitAmount&quot;:[1410000,1440000,1440000,1342813,1341695,1330000,1210000,1166961,1205065,1144152,1087689,979105,1096570,1010511,861",/Users/shou/hobby/CPX/nikkei-stock/data/data_collection/processed/yfinance_gx_20251219_172854/2nd screening/_generated_envgraph_20251223_204017/raw_json/デンカ株式会社__985451705__rep1__gas1.json
日産自動車株式会社,985612708,1,1,200,"<div>
              <script type=""application/json"" id=""graph"">{&quot;repYear&quot;:[2009,2010,2011,2012,2013,2014,2015,2016,2017,2018,2019,2020,2021,2022,2023],&quot;emitAmount&quot;:[723200,785548,783548,831265,885013,819053,776365,830355,821212,776227,697688,583378,620765,619071,636911],&quot;la",/Users/shou/hobby/CPX/nikkei-stock/data/data_collection/processed/yfinance_gx_20251219_172854/2nd screening/_generated_envgraph_20251223_204017/raw_json/日産自動車株式会社__985612708__rep1__gas1.json
大王製紙株式会社,710034905,1,1,200,"<div>
              <script type=""application/json"" id=""graph"">{&quot;repYear&quot;:[2009,2010,2011,2012,2013,2014,2015,2016,2017,2018,2019,2020,2021,2022,2023],&quot;emitAmount&quot;:[2913435,2923030,3039475,2864546,2931501,2689958,2717130,2643796,2602314,2647017,2537607,2735127,2940344,2708170,23",/Users/shou/hobby/CPX/nikkei-stock/data/data_collection/processed/yfinance_gx_20251219_172854/2nd screening/_generated_envgraph_20251223_204017/raw_json/大王製紙株式会社__710034905__rep1__gas1.json
